record_id,record_type,timestamp,msisdn,cost,rating_status
0004d06e-3519-40a0-911a-0f7cab24e398,data,03:55:16,+212156116155,342.7344,rated
005610e6-fa5d-44b2-89bf-9662c23fecaf,voice,03:55:38,+212029448780,13.43,rated
00aad0a5-d165-4a6e-94b3-a56b8491302f,data,03:55:55,+212051517044,10.3005,rated
00e363a6-31f3-4fe2-a72c-f9501ed793a9,voice,03:55:53,+212104192265,19.12,rated
00f18e00-2fb9-4445-aa56-1a5f4f2672cf,voice,03:55:40,+212572114327,3.32,rated
00f53a3f-46cc-4615-8749-08fe44898ce7,voice,03:55:24,+212031717951,12.57,rated
01043be9-b172-4eed-8d68-4962bb39e552,data,03:55:52,+212410148649,296.398,rated
01b1fcc9-ea0e-44be-837e-09ed446c5f8f,data,03:55:16,+212333461044,389.594,rated
01b3ea9a-4988-4f19-8cb9-4d754216e2e4,voice,03:55:34,+212513507825,16.0,rated
01f6a899-9d9f-47b7-9ae8-f022e4458062,data,03:55:35,+212624328930,5.907,rated
0201e662-03b7-4a1d-94ae-3aa4bebbdeb7,data,03:55:17,+212856660171,111.1775,rated
021a68f2-1d0b-4dce-9751-1c0646f2e0b6,voice,03:55:47,+212016393310,80.4,rated
021bb593-2d3e-430c-a6a0-6922d822f2f8,voice,03:55:16,+212350948277,134.48,rated
02294816-6ba7-444f-ba9a-a95a213ee038,voice,03:55:44,+212729561277,151.2,rated
02699c6b-c150-4c8c-9c39-b6c8a3dd1308,data,03:55:24,+212827225571,41.8815,rated
02e6fd1e-6d4b-4599-b65c-8b702761e280,voice,03:56:03,+212765705445,7.43,rated
030f8cfe-30c6-4997-bf7c-446af45f6f0e,voice,03:55:49,+212031717951,12.56,rated
0318d359-6809-44b6-b814-4ccdb906c938,data,03:55:24,+212354173381,127.588,rated
032d0d28-d5d6-4aa0-a3b8-6b3853ae4644,data,03:55:25,+212289427733,9.779,rated
033053ec-581b-45b6-a842-146d93066e48,voice,03:55:42,+212302287267,80.8,rated
0353c1a4-0b69-4734-90cd-c6b0038a238b,voice,03:56:01,+212872236981,14.06,rated
038f4c28-2887-4c4d-8fe9-c740b8180c25,voice,03:55:22,+212238257337,70.16,rated
03a990d7-9cd4-4b69-af49-3ab54319163b,voice,03:55:57,+212614621394,6.03,rated
03d16869-a6e6-4b1d-8508-705dfb594e9a,voice,03:55:14,+212075672764,12.25,rated
03dbf63e-3c33-4dc7-a324-3a0aef2f4427,voice,03:55:12,+212827851049,12.46,rated
03df9276-05ac-4323-9212-6de46ef134a0,data,03:55:36,+212274752582,102.2795,rated
03f3ca38-026d-482f-a1e0-aaad2e27f88f,voice,03:55:10,+212827851049,6.37,rated
040b852a-6ee0-4794-a44e-cc932034421c,voice,03:55:42,+212856934823,21.68,rated
041cd340-b844-48a9-9c22-b20401527254,voice,03:55:16,+212992688136,9.27,rated
04ee3746-8535-4a0c-8fea-aca4a644f102,data,03:55:23,+212271369408,291.974,rated
051bdc8d-e01f-450a-a5b2-ea4183273dfc,voice,03:56:02,+212921956620,86.56,rated
05724795-35e6-4e5e-abbd-f8b63910ffd7,voice,03:56:01,+212856152595,5.54,rated
0599fb72-ccbd-4611-b81a-71535aee6f01,voice,03:55:16,+212442556610,46.4,rated
05b1fd5e-595c-4ed4-bf28-b7cf7a43be4b,voice,03:55:41,+212442556610,133.28,rated
06ab6289-5935-4013-adfb-c092ad23c8fc,data,03:56:09,+212240508156,488.8335,rated
06cd89c2-d9bc-401f-92a0-0807a6fa35a6,voice,03:56:09,+212622336434,12.97,rated
0711483f-2b5f-4ce6-87b3-de6c99f16ca9,data,03:55:55,+212469789325,294.94,rated
0784c011-e7e2-429d-bcf0-b7c840c432c3,voice,03:56:00,+212525273634,3.02,rated
07e9512e-7b45-48e7-bc6d-4759902fc235,voice,03:55:36,+212209410256,0.0,rated
082ef5da-4f09-4273-ac1e-6eb3a5f2fe92,voice,03:55:31,+212685386471,10.0,rated
0898bba6-9b6c-4777-a4c2-566341042463,data,03:55:38,+212102088371,68.0315,rated
08c9034a-a78f-4f91-8161-9f27c54f6aef,voice,03:55:58,+212729561277,95.76,rated
08f51ee9-86db-4c03-bdc6-c2c3f2ec0213,voice,03:55:36,+212183583236,11.0,rated
09487b63-3e5d-473c-b896-8c5fa7a2e20f,voice,03:55:50,+212794248028,12.33,rated
094962ee-df2c-41b1-837c-7e3d35bbd67b,voice,03:55:10,+212084489357,5.21,rated
095cf25c-85b5-474f-bf58-17d8545f2c3b,data,03:56:08,+212491125287,49.458,rated
099e1420-053f-4bc3-af47-e97358239dc9,voice,03:55:27,+212199077472,114.96,rated
0a21e589-0033-442a-b95f-16fd9527e698,voice,03:55:42,+212454156027,8.08,rated
0ab249c1-04be-4fb5-9c4c-f34296eacc7e,data,03:55:54,+212597373318,13.6165,rated
0ac387ad-a036-447e-a7e4-90d7dac3d47c,voice,03:55:47,+212328061044,13.88,rated
0aeeed95-0e31-40eb-a8cb-88f32a713bc0,sms,03:55:19,+212716928258,0.0,rated
0b24873e-5f7a-49d9-ac07-16099b0f3c5c,data,03:55:40,+212483784214,257.0125,rated
0b3bd295-f999-4799-b952-0f424e8ae5e3,data,03:55:43,+212667945297,48.46,rated
0b4ec519-cfe4-4cc6-9cb8-66db7a47d08c,data,03:55:40,+212961965594,134.926,rated
0bc2af4e-a9c9-4b99-923f-98f1afadb1af,voice,03:56:08,+212194396056,5.25,rated
0bc5250d-428e-46f3-b8d4-e26de119168d,data,03:55:14,+212147898116,99.7844,rated
0bd28994-d7fd-4f55-85ba-62abb67782bb,voice,03:56:04,+212159387488,3.08,rated
0c5e1593-a785-476c-816d-f559d84ee99d,voice,03:55:29,+212847757763,12.33,rated
0c86f480-31cb-4227-b32e-2490e458ade7,data,03:56:05,+212960318168,218.729,rated
0c9e1896-bb0f-4d3e-8e3b-b684cbc36688,voice,03:55:44,+212302287267,90.8,rated
0cd7a3cb-ccd0-4071-8db5-0b3297f2e105,voice,03:55:39,+212715479926,12.14,rated
0df812cd-e5eb-427e-9e9d-63d79b9b5c65,voice,03:55:36,+212622336434,2.23,rated
0dfd0603-4a51-4c98-9284-838e4f290396,voice,03:55:10,+212377320941,2.36,rated
0e01b7e0-e5af-47e6-b760-6ae5050ed3c7,voice,03:55:12,+212958464568,19.95,rated
0e0a0e10-8899-485b-ae74-b8257b77bf28,data,03:55:31,+212247660737,133.042,rated
0e382294-9212-4520-bd4a-1b4c8748ea5f,data,03:55:18,+212612243243,169.684,rated
0e66d139-1db6-4b8c-b313-ac080ff7251c,data,03:55:49,+212400550834,24.778,rated
0e67149c-dc29-4342-bdf9-829e6817235d,voice,03:55:27,+212921956620,50.16,rated
0e723019-30ad-4806-afe0-f620fd2dc723,voice,03:55:46,+212796252838,37.28,rated
0e96371a-0c17-4f96-a37b-dd1fea7b967d,voice,03:55:44,+212802980344,6.67,rated
0eadc8cb-d7fd-494d-a5f6-8e9a53cd73a5,voice,03:55:12,+212926179401,13.18,rated
0eb28e13-1f27-4d62-a20b-ec44338ad9a6,data,03:56:02,+212728902437,253.7123,rated
0ee96a8f-3033-43a7-8067-1baeb9afded8,voice,03:55:14,+212071521810,8.61,rated
0f10a15a-7dca-4b28-a3b5-dfd5b4a53827,voice,03:55:51,+212377320941,7.8,rated
0f3a6461-f841-4c8a-8c19-9f241fbb58e5,voice,03:55:45,+212579857529,130.8,rated
0f3c0bd6-ca63-43f9-9611-792347c3b73a,voice,03:55:23,+212515212523,8.83,rated
0f84645c-fb1e-425d-b8ec-8feb8062f681,data,03:55:59,+212507609903,20.0875,rated
1023c3c8-4a66-418d-a5ad-ce87af0b2837,voice,03:55:51,+212404069947,2.08,rated
103a8b62-aaeb-42f2-a1b7-670f1ba8d824,voice,03:56:00,+212284575554,9.27,rated
105e8537-db55-4e86-ab18-8837c17d207f,sms,03:55:20,+212251629063,0.0,rated
108aad2b-7d01-408f-97e6-8bf48e2966ec,data,03:55:23,+212442852223,206.4795,rated
109ef085-7b0b-421b-8354-71fc98e57a54,data,03:55:10,+212880125150,43.3455,rated
10bb9587-da2d-49b3-b000-10f84c2b2d77,sms,03:55:54,+212367892017,0.0,rated
10bd5516-624e-4fc3-8994-107a2420600c,voice,03:55:33,+212300308935,111.76,rated
11191ebc-d882-4344-846c-4c0148751c6d,voice,03:55:42,+212513507825,3.36,rated
112bc9f7-cb59-48d4-a9c3-536cd8f8118e,sms,03:55:18,+212039612529,0.0,rated
116dd9cb-7f71-4dae-966e-4b55fe1fb641,data,03:56:00,+212006761372,5.61,rated
117f0d62-0ae3-4758-b37c-a9adec0bae08,data,03:55:42,+212935952548,204.564,rated
12ef1618-d2b6-4da6-8c26-faa37bbe30b9,data,03:55:21,+212432529425,5.0855,rated
1334d03a-e827-4b7d-a825-21e0753063e8,data,03:55:32,+212612243243,5.6975,rated
13d9157e-6109-4116-86a6-b017d7d9428a,data,03:55:52,+212491125287,517.7136,rated
140bc8ef-25d3-416f-90ad-0b194d18b3d0,data,03:55:28,+212260973727,400.404,rated
1442d447-0328-4672-a27a-fd40906e9f56,data,03:55:55,+212735359688,23.09,rated
145c014c-dbeb-45ec-aae8-69d2839d5d52,data,03:55:52,+212698748024,27.1775,rated
1484a09b-be81-443f-b182-e8a775cf7d3d,voice,03:55:28,+212975411150,5.37,rated
14c768c3-ce67-4fb6-ad4d-3eb3cc437603,data,03:55:20,+212279622645,293.975,rated
14e7f32b-d151-47b2-ae9a-183598c55b59,voice,03:55:35,+212256660712,21.76,rated
14f506bc-0932-48a9-83c2-b061c36003a7,voice,03:55:40,+212991324957,18.41,rated
15237197-74f6-40d6-b9fb-dae84caaad96,voice,03:55:36,+212828015224,11.24,rated
15564034-cc58-4f33-9389-a904e894099b,voice,03:55:53,+212413827169,9.78,rated
1664dbe8-dc8b-470f-8eff-45fd213e7d2b,voice,03:55:37,+212209410256,16.94,rated
167a9cf1-22de-4003-8ec3-3e8c63324cd3,data,03:55:12,+212451875883,406.537,rated
16a9ff40-fc78-4ae8-854a-4d831eacbc22,data,03:55:25,+212810682539,227.6115,rated
16aee0ca-aafa-437d-8c3a-b3d03e90b8da,voice,03:55:43,+212515212523,12.33,rated
16cf00ed-171f-4624-bdca-b5d92bdcfd1a,data,03:56:03,+212589887305,240.895,rated
1778b39c-6c92-4bdf-bc25-5ccdba7524ae,voice,03:55:45,+212468712272,4.41,rated
1783e2e4-21a1-43e6-84ae-1f2eeda93f23,voice,03:55:24,+212244090661,10.91,rated
1787e828-1600-41bd-8fda-4c041d2daf50,voice,03:55:39,+212926179401,18.18,rated
17f46160-9493-4fd6-8de7-5d617b9c8b2b,voice,03:55:23,+212826737642,15.34,rated
17f83205-2556-4584-b15a-e253ed677fdc,voice,03:55:52,+212350948277,77.36,rated
18918058-ea5e-4bdc-8e68-0c89a1f91157,data,03:55:51,+212827225571,485.4335,rated
18e13e2c-edd5-4d26-b1b0-81a77be65445,voice,03:55:27,+212045146034,133.36,rated
1961a85a-e548-4b00-b8b3-f20ebf378a28,sms,03:55:13,+212248086043,0.0,rated
1976b634-e8f0-4f94-b1fa-75390a0d0767,data,03:55:52,+212674726837,371.398,rated
1993b574-a82d-4f3b-8988-52902183856d,data,03:55:43,+212622506459,102.669,rated
19a1055f-6b4f-4c94-8222-22cc11ae57fc,voice,03:55:40,+212478033455,2.15,rated
1a06ab9d-0e20-4778-a6f1-b39791988b14,voice,03:55:40,+212936267319,18.5,rated
1a0748ca-80f0-4261-94c5-4244b8b16e50,sms,03:55:15,+212150312567,0.0,rated
1a284fce-eb68-475c-8807-f1735e86ddd9,data,03:55:57,+212935534539,14.7905,rated
1a32a5a9-0f11-49d4-b7b6-0d94039fde1c,data,03:55:29,+212970198696,206.939,rated
1a79103f-fc09-4730-bb7c-92f49f90606a,voice,03:55:26,+212302287267,127.44,rated
1a9be849-34db-4834-8096-c489caba3593,voice,03:55:18,+212207534165,6.4,rated
1aaf6911-4584-4b24-85c7-b757bb6245a4,voice,03:55:31,+212315199066,17.78,rated
1af78963-2555-468b-834c-fd191d01b5fd,sms,03:55:47,+212058798880,0.0,rated
1b02c5e8-bcb5-4ab2-937f-e9d1c16db9ec,voice,03:56:08,+212328061044,3.69,rated
1b0e92d9-5446-4146-b56c-e32a92488b80,voice,03:55:33,+212939319428,6.02,rated
1b81b095-2185-407d-8a12-f1c8e2ae9efe,voice,03:55:42,+212898328313,14.95,rated
1b8a5796-705c-4710-8721-162c550d9657,data,03:55:11,+212988033870,96.414,rated
1bb6a2c5-016b-4f17-9a03-a6ec5725cdbf,voice,03:55:47,+212324590773,17.04,rated
1bc069bd-c22a-40df-b597-5af032deeacf,voice,03:56:07,+212509426368,3.01,rated
1becc4aa-c9bd-4a87-b422-0da241eb3f34,voice,03:56:00,+212034506897,22.88,rated
1c46114c-5a59-431c-9326-61459528ad14,data,03:55:47,+212594007032,11.17,rated
1c66956c-e9e4-463e-9ce9-24e0efe52d43,data,03:55:55,+212862379572,360.9395,rated
1ca1904b-ec48-4286-aa2c-8a3994d9ab6e,voice,03:56:01,+212994808288,80.64,rated
1ce431fb-916a-447f-b751-f74423b1c39e,data,03:55:40,+212580049105,23.7035,rated
1ce8af48-6b41-4ba7-a62b-918df318c020,data,03:55:15,+212912395979,286.6555,rated
1d0612dd-0ce9-4336-9d9a-2ab6a413dba9,data,03:55:11,+212131053892,17.7425,rated
1d242c8f-1f25-41b5-a8d2-108f018d94c3,data,03:56:09,+212243833203,20.611,rated
1d2688a7-adce-474c-91bb-05526f82603a,voice,03:55:53,+212392436114,75.76,rated
1d93bed4-a2cb-4a92-b8bc-c0f58f2ff435,voice,03:55:46,+212244090661,18.74,rated
1dc22c0c-686a-4cbe-ae91-f4c55ac64f34,data,03:55:45,+212211868988,342.4232,rated
1e39c861-4862-490e-a4ae-dedfcbe942fc,voice,03:55:10,+212183625614,48.64,rated
1e6305a5-f276-419b-95a7-d79fce2b155f,voice,03:55:19,+212313829853,7.76,rated
1e73ebcc-b111-422a-8a73-d8cbaf5a1389,voice,03:55:20,+212262593858,16.8,rated
1e78a4e6-cdbe-4b1f-bc4c-c67ba7aff37c,voice,03:55:32,+212510303206,8.47,rated
1eb37372-b846-462f-8b2b-6ee9cafd9526,voice,03:55:49,+212687677415,93.84,rated
1eb6f008-cf01-4d7f-bc79-2aa0c9c5bce8,voice,03:55:57,+212827851049,8.5,rated
1ed61c55-9917-4737-8bf2-48727debdb1b,data,03:55:28,+212154314403,17.7948,rated
1edb9051-e178-42e2-bee3-2e0d9c6eee49,sms,03:55:27,+212094571090,0.0,rated
1f048e8a-6573-435b-98b8-113d22895eb3,data,03:55:52,+212572911027,102.417,rated
1f3ade53-f389-4f1e-9d72-49e1e2e45188,data,03:55:31,+212380800370,358.6665,rated
1f67a9bc-97e7-43a7-bc6f-f76b9fa878b6,voice,03:55:30,+212642481072,16.35,rated
1fa13c3d-ce30-4394-ac0b-a5156f39e063,sms,03:55:27,+212195483012,0.0,rated
201f4e5c-3da4-459c-b74d-a9e1bb5f4864,data,03:55:56,+212241758871,162.419,rated
2020ff5e-fdf9-4570-a9a3-23d02a5469b3,voice,03:55:36,+212304466630,5.2,rated
20354a5e-6a96-40cd-8bee-9a5eeac4c154,data,03:56:03,+212869505634,18.926,rated
20b8e990-8921-432b-be5d-d78e70b76567,data,03:55:38,+212734551761,258.3175,rated
20c0cf4f-100f-455b-afdd-cbaa8a893a43,voice,03:55:55,+212910978832,2.44,rated
20f66473-135a-4c04-b69d-9264474614c9,voice,03:55:50,+212028194369,15.0,rated
20f69ec8-ab6e-4290-99c0-5fd88ad9713a,voice,03:55:41,+212996731632,17.62,rated
2101e9f5-2aa9-4aad-8fb2-011a576f063d,voice,03:55:52,+212855101785,152.48,rated
214604cb-d6d0-4684-a4b9-1ea6fcc2c40e,voice,03:56:06,+212892150448,2.89,rated
21c06ae3-0594-415e-816f-b2ea7aea90a3,voice,03:55:51,+212034506897,154.96,rated
21df03ff-95ad-4d18-9fab-98c2a3d0a9cc,data,03:55:16,+212001566560,371.9745,rated
21e66465-682a-4255-a13b-7a77ad6b2ecb,voice,03:55:52,+212789020252,18.02,rated
22a56044-891f-4301-8777-fe8f25e4cfc2,data,03:55:33,+212583114812,165.7895,rated
22bf74f4-f3da-46e3-bd73-6a0ad1aa96eb,voice,03:55:26,+212302287267,40.56,rated
2300b660-673a-45fa-b068-a8061e2a04b1,data,03:55:54,+212844794057,341.8385,rated
23064697-9ab4-414c-ba92-7ce6a1b5a9a0,voice,03:55:43,+212016393310,158.96,rated
23858533-061f-421b-91d6-2da5ec1ce0c5,voice,03:55:16,+212378509513,12.4,rated
23ac47df-25ed-4049-8b4e-a69d395fd30a,voice,03:55:26,+212687677415,133.36,rated
23c025a5-6016-4a85-a551-d34b4aeab53c,voice,03:55:30,+212016393310,123.12,rated
2407b1c0-93c1-4da0-b4f6-ceb6eb3e5518,voice,03:55:12,+212105533624,9.57,rated
2488b715-2dc0-40c5-888c-e4ddd80c7cfe,voice,03:55:15,+212691244972,13.91,rated
24e9320f-5d9e-4a7a-aba3-e469dbfa6299,voice,03:56:03,+212310094196,5.24,rated
2505fbdd-e5a1-41c0-a03b-bae066dc1f3c,data,03:56:09,+212862278181,214.9584,rated
251b5834-b007-4105-b5e1-a352e1c29064,voice,03:55:41,+212111406116,8.68,rated
253d19b0-6ad1-46c6-9c43-1c5f03ec63e6,sms,03:55:46,+212460037419,0.0,rated
2575ddfc-b1b3-4dd1-8c20-ba4f74aec935,voice,03:56:09,+212994808288,52.08,rated
25d52377-8fd6-4635-b53e-20e101ed95de,voice,03:55:55,+212048582342,58.16,rated
25f8ed09-2fe8-4df5-8940-81e08f79615b,data,03:55:41,+212587438493,90.084,rated
262331e8-23e0-4679-b52c-b996649f0e2c,sms,03:55:59,+212182679490,0.0,rated
262b331d-f4fd-41d2-8a4f-acac01c57340,data,03:56:08,+212525715476,80.7935,rated
2633204c-d754-4798-9e94-d2d458aa6b73,data,03:55:23,+212221934837,13.2008,rated
264012a9-8461-4c32-8b25-44ab7217a95f,voice,03:56:02,+212413827169,2.8,rated
26572d5e-6599-4d97-b1fc-c2f847cc3ae0,voice,03:55:17,+212086314039,2.45,rated
26e7d81f-d237-4fff-b866-7c979acc7e87,sms,03:55:42,+212856138085,0.0,rated
27a03693-8e08-4c78-9b52-f6207cfd39f1,voice,03:55:20,+212478033455,3.85,rated
28397a0a-e611-4dcc-9312-e27b094e07e5,data,03:56:02,+212507609903,225.567,rated
285bc862-e06b-44cd-8329-4bd3b39668e2,data,03:55:22,+212844794057,274.537,rated
28801d61-0ba7-4f94-baf0-0535c8589b7a,data,03:56:03,+212240508156,462.325,rated
28831b09-9259-40e4-83d2-1fa7f6134fb7,voice,03:55:28,+212553502195,7.12,rated
28918706-c466-46a2-8408-ab4bdda36aba,data,03:55:36,+212667945297,133.044,rated
289eb8e1-1468-4d6c-8b56-b3d316463792,voice,03:55:13,+212136332873,18.37,rated
28e705ec-6e77-46b5-b210-5ee808305128,data,03:55:57,+212428490344,242.2525,rated
28f01ed3-33bb-4724-8820-08dff2c8e317,sms,03:55:31,+212276835638,0.0,rated
29791949-8d14-4d8e-8331-6ff66a976e96,voice,03:55:52,+212712812640,5.7,rated
29cf895e-f147-46eb-86f3-e7d1faa5a13f,voice,03:55:11,+212797790851,19.54,rated
2a06f578-265d-4af2-ae57-2a98274e2fed,voice,03:55:44,+212070330533,152.4,rated
2a9a8585-f9e2-4d92-a93d-d20f1db7a3f5,voice,03:55:26,+212712030578,15.16,rated
2b0d9e49-002f-455e-933e-da7029d7b5a6,voice,03:55:30,+212590695399,6.34,rated
2bb7b520-dc42-453e-8f27-a317ba9134a7,voice,03:56:07,+212883194600,19.0,rated
2bebbb41-310c-445d-aa27-39996337bf76,data,03:56:04,+212631181390,170.505,rated
2c37188d-33fd-4a30-b82d-a6cb4341b0c7,data,03:55:21,+212452022269,5.303,rated
2c6c5a24-0b7c-43c5-8a8d-bd30b229541a,sms,03:56:06,+212765927076,0.0,rated
2cd7cd16-8ef9-4163-b0a7-45bb62d4d30e,data,03:55:19,+212321965062,231.1075,rated
2cf476de-f920-42c8-ae1f-b03bbef894c1,data,03:56:05,+212667831233,440.425,rated
2d1e6a63-c561-478b-b733-ec12db552478,sms,03:55:46,+212061933765,0.0,rated
2d3360bf-324f-480b-8562-1ce8ab801363,voice,03:55:32,+212199077472,35.12,rated
2d60da42-facc-48b0-b2af-2f115a452b80,data,03:55:43,+212285293743,5.662,rated
2d75170c-42fa-4927-971e-4fd02bef9308,voice,03:55:10,+212844587751,3.93,rated
2db8bfa2-4ec1-441a-9316-70777d63a8c9,sms,03:55:31,+212815437735,0.0,rated
2e2a35f3-0777-4927-bda1-f72dfd235ddf,data,03:55:54,+212247965727,10.8355,rated
2e5c0696-5d54-4c79-b3fd-a7fd80df9ef8,sms,03:55:36,+212517934877,0.0,rated
2f15e228-b3a6-4cfc-83eb-d257b7ba0354,data,03:55:37,+212175941064,478.4405,rated
2f189c04-3b3e-4777-a1a7-51fc242be05f,voice,03:55:10,+212048582342,49.68,rated
2f1d72e8-2503-4251-b4c4-1d13464fb3e7,voice,03:56:03,+212980676624,9.27,rated
2fcd5137-f8c2-440a-899a-f6189ff76363,data,03:55:23,+212162378566,329.086,rated
302f2bbf-ef4b-4e44-ac73-6c74510707f3,voice,03:55:50,+212136865003,9.9,rated
308ee884-7e8b-45f9-9ade-ea56ce6c7cfe,data,03:56:02,+212081294178,21.163,rated
30d96b8a-ef70-48fb-9d69-f5dbc5b9b968,voice,03:55:39,+212086314039,10.15,rated
31abcb1d-b1ca-40b9-a185-493c9ac1a808,voice,03:55:33,+212815301466,17.77,rated
31c31b5e-6e13-4104-a3fc-eef06dc85ef7,sms,03:56:09,+212156716732,0.0,rated
32017227-3b6c-4f43-8fe9-2ae639c74ce9,data,03:55:16,+212451875883,382.092,rated
3228bdbe-6a93-4205-92a9-09e05b6c9a6d,data,03:56:01,+212825997200,49.6455,rated
326ca0ff-7041-4bf7-8c95-04ac951ae25b,voice,03:55:15,+212797598400,19.42,rated
33296819-ba5f-4e92-93b7-f038c58c49d2,voice,03:55:36,+212313829853,2.0,rated
33507d2d-8e18-4b12-bd90-6d7ab6b2b34f,voice,03:55:38,+212813151943,16.62,rated
336d2de7-9b35-4b21-b9f3-3732b6724ad8,sms,03:55:47,+212668044968,0.0,rated
339d3e10-d8be-4668-abf8-01ebb52de921,voice,03:55:19,+212442129779,19.95,rated
33b733b5-1e53-4c21-92cc-e2d2d4eb0105,voice,03:56:05,+212443931334,8.76,rated
343cfa59-90ff-45b7-b587-a42f74ce6bfd,voice,03:55:46,+212394817443,10.77,rated
344fa2a7-b30c-4697-8d6e-92f8f3607839,data,03:55:53,+212971683083,472.973,rated
345d4559-142c-4257-8f09-1d5a105edccc,sms,03:55:42,+212776676555,0.0,rated
3484a0a5-c0c1-4022-93a5-2c28aebefc0a,data,03:55:13,+212188878977,15.458,rated
349a052b-2327-403c-86f7-a0b32865e92c,voice,03:55:48,+212468712272,13.4,rated
34dd0fea-4ece-44d8-abab-ecb111f4903f,voice,03:55:20,+212418809910,19.23,rated
352c5512-fc44-4c2e-9102-588e0db62bb2,data,03:55:13,+212975975871,22.4665,rated
35ef6096-6bdb-4b29-a166-3e9499609e5e,voice,03:55:26,+212715479926,4.91,rated
35f33214-5515-4a42-b88c-a1f0c72a0b84,voice,03:56:04,+212280540328,13.34,rated
36150e61-3214-4d03-ba51-10a3568644a8,voice,03:56:07,+212747039487,53.92,rated
3654a04b-4df9-464f-8ab1-f8348e27d2c7,voice,03:55:28,+212374957281,19.68,rated
36ee6e3b-e824-4b64-aa96-8148fec4d6c7,data,03:55:59,+212766926258,5.1356,rated
37228222-69ce-4939-955b-328070d04d70,voice,03:55:34,+212802980344,14.61,rated
37a7e08a-2033-4793-8cf4-1c2bc181cf88,voice,03:55:20,+212453694936,19.04,rated
37bf1674-6605-4f8c-95bb-b7bc76a41bea,data,03:56:09,+212416335387,130.242,rated
38539bfa-4a87-4e64-a8fd-25431998fca9,voice,03:55:25,+212603161609,4.22,rated
387e7b50-ee19-479b-8c70-e9e840cfe624,voice,03:56:08,+212326946128,6.04,rated
388061b3-6462-4b69-a797-bb5bfb27e5ab,sms,03:55:54,+212304459538,0.0,rated
38d5e09b-579d-4694-bec2-c9dac3c0e6f0,voice,03:55:43,+212323792771,10.72,rated
38e0c077-b3cd-47f5-b94f-b8dedeacabd5,voice,03:55:15,+212788295973,13.07,rated
38ef3e41-7323-484e-bf00-dbee9d52d2b4,sms,03:56:06,+212376392478,0.0,rated
394f834f-e7a4-4184-8aef-92d271b2c3ab,voice,03:55:11,+212959327444,6.58,rated
39960360-7045-4161-aca4-0f7f6a78ef83,voice,03:56:07,+212572114327,3.92,rated
39b9aa94-892a-46cf-b8ed-24151657c4f4,data,03:56:03,+212289423267,398.6755,rated
39cc8621-94c5-4d25-9c29-138130f6742d,voice,03:55:28,+212058913296,9.96,rated
3a0eedf7-efeb-4bbf-8f3e-bf98ed58fdc8,sms,03:56:05,+212922824907,0.0,rated
3aa087af-f244-4bc4-8af2-ed2b2f0a17c8,voice,03:56:02,+212092273727,11.2,rated
3aae7e74-bbf5-40c2-a0ab-1d7a03839d57,voice,03:56:03,+212937644282,7.21,rated
3b3e0a05-bbff-49ff-b70b-ea6ba12de432,voice,03:55:31,+212292942692,95.92,rated
3b5ece04-2603-490b-abd5-15634068675b,data,03:56:08,+212728902437,216.845,rated
3baa6f55-62e7-4552-802d-2f38a820c1e1,data,03:55:47,+212856660171,177.4545,rated
3bafe970-e325-4843-8d68-d043c6e169d4,voice,03:55:55,+212605049275,14.12,rated
3bc9e004-b6bb-48b7-a238-9a603175e217,voice,03:55:17,+212726805847,18.53,rated
3bd8aa2d-b472-4355-b84d-7d649c906c25,voice,03:55:51,+212104192265,56.24,rated
3be6df06-6f7b-4258-a601-76f4a78b0bab,voice,03:55:31,+212443931334,8.7,rated
3ca0d856-9b5a-494d-9a54-2a9e4b49553d,data,03:55:33,+212870697303,5.984,rated
3d0e47a7-ecf3-4632-8073-af677e0ce674,voice,03:55:45,+212167094871,7.66,rated
3d9bf2be-6559-42c5-91b9-422abcce2e59,sms,03:55:52,+212922824907,0.0,rated
3e317209-5fcc-445d-aaf3-5f62f6a3ea8b,data,03:56:06,+212274752582,473.476,rated
3e356d18-72cb-4781-b973-7a654193fcb4,voice,03:55:48,+212910978832,16.36,rated
3e7ad407-c7d2-4afe-a0fb-cbcd3e27c523,voice,03:56:07,+212826606481,15.94,rated
3e89be06-dd83-43c2-a19b-2c6d0f2d7495,data,03:55:49,+212519021892,472.6005,rated
3e8fdd0f-d9d6-4660-9d26-b3eed49b5e0e,data,03:55:38,+212285293743,460.8,rated
3eef540d-63bf-4b66-9ea7-673c0c46a9ea,voice,03:55:36,+212840748204,14.29,rated
3f1055eb-b46b-4334-be56-ef3551b25d4a,data,03:55:35,+212575852457,112.664,rated
3f2b3aae-a751-499a-afc3-e89d6cf44ba1,voice,03:55:51,+212364999638,9.46,rated
3f3115a1-899e-47d8-9a3c-f54cd1aa691c,sms,03:55:21,+212301053737,0.0,rated
3f44aba1-2e6a-48c0-b8c1-c4401a6be981,voice,03:55:26,+212989304806,3.55,rated
3f6c9895-2c3b-4f24-9758-e1faefee4db6,voice,03:56:01,+212202752744,18.9,rated
3f9659bc-a35f-479f-ba36-74f61fff8388,sms,03:55:24,+212406338429,0.0,rated
3faa5723-3167-464a-b478-da1f117d3fc3,voice,03:55:40,+212105533624,9.82,rated
3fbbf205-b285-4555-bed3-b662f9b71464,data,03:55:19,+212547311242,88.0285,rated
3fcf836d-7169-4d59-90a9-80315d5fe596,data,03:55:26,+212832954803,199.2805,rated
409e3a4a-f8b8-4719-85a9-17d290911d8a,sms,03:55:40,+212613612074,0.0,rated
40c67639-c988-4b70-b508-6adc471bf3ec,voice,03:55:15,+212086314039,10.54,rated
40d83259-22f0-4f2c-a8db-92eb7e6f1361,data,03:55:16,+212306341118,344.8835,rated
40fdc33c-2103-4aba-871a-5a8740fb3fbb,voice,03:56:01,+212729561277,152.08,rated
41517e33-f2b1-41f8-8bd9-70611ace9635,sms,03:55:39,+212815843348,0.0,rated
4182c0f7-f8f3-4a78-afb8-e226336668ec,data,03:55:19,+212961965594,69.847,rated
41908969-5ccc-4137-9497-685bc325de6f,voice,03:55:27,+212217500026,17.53,rated
41f49a0d-e21d-4c39-ae45-1a5a8bc4a1f1,voice,03:55:39,+212525273634,15.7,rated
4215bc23-d939-4a3e-b110-b246f3db1b9c,voice,03:55:35,+212065275492,16.48,rated
4258cfda-cca0-4b72-8667-afe919cf7ad2,voice,03:55:11,+212292942692,146.48,rated
42b3f6e1-0202-4c94-a450-b23ff21a19d9,voice,03:55:38,+212715479926,6.12,rated
42b5a914-3530-423a-8bd3-9ef939f42d03,voice,03:56:01,+212901419897,110.4,rated
42d54f1b-30d8-407f-a1eb-fde8dc974868,voice,03:56:02,+212727945683,38.64,rated
433858f9-5010-4794-9fee-289c8265d785,voice,03:55:48,+212084489357,6.22,rated
433fc7cb-c5a1-439f-a0c9-6c53acbfa361,voice,03:55:58,+212364999638,7.91,rated
437cc520-e88d-4a24-9a9e-e4bac321291d,voice,03:55:27,+212442129779,17.44,rated
438137fb-340d-4d92-8afc-cd18d543e7b1,voice,03:56:03,+212899183983,119.92,rated
4381e80d-365b-4b2d-91cf-5496a870eac5,data,03:55:18,+212683106217,13.8335,rated
43d2274d-3899-4d98-a84a-0fe3771e9e93,voice,03:55:16,+212045146034,67.44,rated
441d80a9-34db-4c8c-a3fa-c90ba8d27653,voice,03:55:56,+212088825054,14.66,rated
44711ad8-6be9-40ac-837f-db6d3bbf8520,data,03:55:12,+212550465717,36.6638,rated
44a9bd38-46d4-4ec6-a92d-db2487442668,voice,03:55:30,+212802980344,2.94,rated
450fd40f-e37e-4de0-b274-e76e5a68e97b,data,03:55:18,+212912395979,348.133,rated
456de933-92a6-4cf3-8e37-9d6389c86788,sms,03:55:18,+212063560212,0.0,rated
45aaa5f2-5e45-45d4-9523-4fdbcc7e5d80,voice,03:55:23,+212302914255,19.65,rated
45f8731a-21d6-4848-99cf-5881a7191d68,data,03:55:29,+212572911027,406.2275,rated
468399e6-7893-4a4a-8211-7a3607b98346,voice,03:55:28,+212827503155,14.74,rated
46a684e5-2153-4169-bace-818e86c9f92c,voice,03:55:14,+212869813188,8.13,rated
46f6fc5a-f517-40ac-9683-c22f97682826,voice,03:55:36,+212076468426,8.78,rated
470d86c6-8089-4b09-bf7c-e0ac9f494a23,voice,03:55:17,+212840212424,16.8,rated
47321302-dbb0-4992-ae37-48fe28b67a11,data,03:55:32,+212612243243,346.7985,rated
475e6f38-6e71-4561-b03a-67c29f0340e7,voice,03:55:20,+212789612693,16.68,rated
47698397-c2be-4cb5-989d-0cb33c6f8b5b,data,03:55:58,+212204027420,17.784,rated
47b2f6cf-b2ee-4f21-9d56-987bddb0dfa0,data,03:55:39,+212960318168,290.1115,rated
47c547be-e8db-4990-885b-fdb47f56bc5e,sms,03:55:26,+212678539248,0.0,rated
481b3679-7045-4101-a7dd-af300c92b6e8,data,03:55:47,+212919407839,325.8325,rated
4834d65e-1493-428e-9dbd-000be2bbffb8,data,03:55:19,+212398789940,273.6725,rated
484110cc-6e52-4436-af1d-7cc55310a170,voice,03:55:21,+212122201710,8.38,rated
4889735b-47d8-48d9-92fc-6b0d059a5b6b,voice,03:55:14,+212511811158,6.05,rated
48ad952c-00e8-4853-a4ab-1edf0f0c3db8,data,03:55:26,+212416127668,225.1028,rated
48b171b8-c64a-4dce-826b-a68ac22db860,voice,03:55:53,+212113697650,19.76,rated
48cd742f-f2d0-4475-82b7-c49d8ac75a73,data,03:55:59,+212267910393,159.9608,rated
49836ad6-e6c7-4a4a-bc3f-e1c85a2f4a82,voice,03:55:21,+212244090661,12.81,rated
4995e68f-5e07-40db-834d-327755a48f58,voice,03:56:02,+212027391859,4.26,rated
49f24be2-f57c-4612-974d-0639bc6c31a0,voice,03:55:43,+212729561277,77.52,rated
4a0be0a9-8943-4518-8a20-667c7726e3f2,data,03:55:59,+212083131149,4.9408,rated
4a45b7fe-235c-42a9-84d5-93307a11bdf9,voice,03:55:14,+212315199066,17.0,rated
4a47bd37-7092-43f9-9dd7-1fe40d635a7f,voice,03:55:56,+212392436114,47.76,rated
4a4896f1-54a1-4498-bcce-2482da16c85f,voice,03:56:03,+212932350425,14.56,rated
4a55820d-b3cb-4df5-af63-4867780cb130,data,03:55:59,+212823913201,475.0485,rated
4a5c5146-9f83-483f-afca-ad98f9a16ad1,sms,03:55:47,+212266120088,0.0,rated
4a747389-2b19-4556-84fb-3db2b555640c,voice,03:55:46,+212994808288,127.6,rated
4a7fc97c-485c-4d7a-94f0-7b9d0a7b5c6d,voice,03:55:52,+212454156027,8.33,rated
4ab7e6c9-a51a-404e-95dc-29116989de52,data,03:55:10,+212802898141,100.5604,rated
4abca14b-df2c-4b49-9746-e4ac59e5955b,voice,03:55:51,+212526024917,6.93,rated
4ac2d7ba-cea9-4fc3-9535-42acbd18d319,voice,03:55:28,+212589659265,48.48,rated
4b230e11-aca8-48aa-aea2-0a6be9d6774a,data,03:55:52,+212598357993,54.5832,rated
4b663891-6642-4d8e-98b6-cc9b6541788d,voice,03:56:05,+212278231237,12.58,rated
4b76835f-2477-42dc-b8c7-00dc7f957959,data,03:55:11,+212870697303,13.7925,rated
4b8d06be-5895-45b7-acc3-aaae5ae721ba,voice,03:55:13,+212394817443,16.47,rated
4b91e5ba-1d78-4249-b991-c46dd9764b57,voice,03:55:43,+212300717946,3.44,rated
4bc82a77-e14d-4673-b70b-fd74483199d6,data,03:55:18,+212509680250,420.8875,rated
4bd72703-1d40-450e-b292-a076a73a1a1d,voice,03:55:22,+212228850062,7.9,rated
4c281959-6f71-4dcf-a1fa-a235283d8458,voice,03:55:39,+212857290910,2.13,rated
4c2c0df3-63d4-4c0a-8c87-213da619dbd1,voice,03:55:52,+212404069947,9.91,rated
4c95e264-f338-4a84-8dd8-5c58e94cf474,voice,03:55:38,+212572114327,6.11,rated
4cd4daad-d3eb-4ef5-b5fb-2fdbbf8e0ea2,data,03:56:05,+212912395979,17.5405,rated
4ce5eb64-85d4-445d-aa0d-4def3ea342f6,data,03:55:57,+212213320898,390.5275,rated
4d066846-343e-4b09-b1ce-aee57a6b3046,data,03:55:51,+212913462717,218.7895,rated
4d814422-ee24-44c6-aaa2-eed60e6946f2,voice,03:55:15,+212119657682,88.24,rated
4de9abfb-18bb-4db0-8506-5bb3d5b5eeb5,data,03:55:49,+212931354794,226.956,rated
4e6a67f3-7c48-4261-a6b7-6864550e152a,voice,03:55:43,+212691058664,95.52,rated
4e987909-2326-494d-92b5-0e26338a58fa,sms,03:55:37,+212613612074,0.0,rated
4eb59903-5f98-4aa9-afde-11f2cde5fe1c,voice,03:56:01,+212872236981,10.11,rated
4efc5a28-7a30-422e-8872-bdc3ce8ae4de,voice,03:55:38,+212841588068,73.08,rated
4f4b7692-7917-4dc4-8193-c1b6afa1a777,voice,03:55:51,+212070330533,74.4,rated
4f6e7243-2a0d-4a89-8e2a-1d8f43f404aa,voice,03:55:40,+212585692638,4.75,rated
4fc8148a-5560-41b4-9088-2eb2dbd4afc7,data,03:55:13,+212597764833,299.6585,rated
5040cc9e-36b3-44b2-8fea-74c8699a7334,voice,03:55:58,+212758255392,17.42,rated
50c523f3-7802-43df-9152-4397b1c8d469,data,03:55:51,+212547311242,22.744,rated
50f39ce9-5aac-4b3b-acd9-675df0843a0f,voice,03:55:11,+212590695399,3.02,rated
510c6662-3c4e-454a-8201-516e8b95aeb4,voice,03:55:28,+212732959539,3.3,rated
5149754b-7ca9-41df-9aa7-892a9b499ef9,voice,03:55:27,+212989304806,8.97,rated
51da1bb3-4eed-44d9-a8fd-1887f46b49e9,voice,03:55:41,+212313829853,14.58,rated
51f9b599-3d23-4d78-8ea6-99f3e87168c5,voice,03:55:54,+212076468426,5.17,rated
5224bf6e-a601-41df-9384-2f6bebe4bb9f,voice,03:55:43,+212002047934,15.97,rated
522f833b-904f-413d-93bf-15f6c54d82ac,voice,03:55:23,+212760748029,83.2,rated
52b7a208-d9f1-44fa-8381-7e3478830a4b,sms,03:55:29,+212581192773,0.0,rated
52f2ef23-6004-4cb8-b5e4-05fe3f0b5b41,sms,03:55:16,+212039612529,0.0,rated
530c60a5-76aa-49b1-ae49-f286d13578d9,voice,03:55:20,+212207534165,2.08,rated
532a91c2-00ca-4aaf-a630-d604438dad07,data,03:55:17,+212102088371,13.5905,rated
53db04c8-c13c-41a0-a3fc-8eda2dc5b08a,voice,03:55:49,+212797598400,7.27,rated
53f3f527-ede1-43c3-9a51-83628b00812a,voice,03:55:27,+212253728416,17.99,rated
542e5419-dd6f-4851-b200-1cb02062444f,voice,03:55:45,+212797790851,15.02,rated
543310e0-8c12-4c8e-a475-6305231097d1,voice,03:55:15,+212831063799,10.46,rated
547b7fe3-e43b-48eb-8436-bf3693a3c472,voice,03:55:36,+212442129779,8.83,rated
5491f309-e0e2-4571-a531-b419e3c739c8,voice,03:56:08,+212784816621,18.43,rated
54958728-6be0-49b3-87c8-fd281bd74608,voice,03:55:49,+212991324957,14.75,rated
54ad0d79-029f-4053-b7f4-d1d150b3626c,voice,03:56:03,+212300308935,23.6,rated
54ae385e-6061-49a4-8030-765439b0d2d2,voice,03:55:15,+212922143473,5.61,rated
54b8042e-fcb9-4edc-b1be-c94920f6bb06,data,03:55:55,+212667945297,155.3858,rated
54bbf59c-9e1b-4682-9d73-eb26a809c5eb,voice,03:56:05,+212794248028,3.8,rated
54cd06ed-1024-41b3-a6cd-b769145ff489,data,03:56:03,+212395517326,7.203,rated
54d36c9c-545d-402d-bdb3-59082b230245,voice,03:55:15,+212062646398,16.2,rated
550f757f-a366-465c-9967-b811cb4f8f81,sms,03:55:45,+212731679997,0.0,rated
552be170-b93e-4747-b1ab-b0a0a1825674,voice,03:55:22,+212199077472,48.4,rated
558b8189-b319-424b-b6dc-07a01b59dfba,voice,03:56:01,+212478576140,117.84,rated
55bc8b0a-79f3-4735-8a90-5e6778051ad4,data,03:55:29,+212519021892,479.1015,rated
55cbc241-3244-4698-846b-9a17b20ee68a,voice,03:55:49,+212691244972,7.46,rated
56205763-e4e2-474d-bed5-c2c7af611109,voice,03:55:31,+212377320941,15.54,rated
5687ade3-eb76-4b65-9d00-8d1ca90ff62f,data,03:55:11,+212440927776,175.6964,rated
56b300a9-45bb-4cb8-80da-6be0aea0e4a1,voice,03:56:09,+212270494393,10.63,rated
56bd2c47-1f64-4c7e-b644-5b23f30c1a97,sms,03:55:22,+212929768028,0.0,rated
56f12265-e18a-40f4-b9d0-3d966e4dd89c,voice,03:55:31,+212071521810,15.6,rated
56f1fa52-212c-4245-8db6-3242e2f7675e,data,03:55:40,+212060187356,7.2125,rated
56f85957-d8fd-467d-929b-c11f34b3ba59,voice,03:55:10,+212717698380,17.57,rated
57014aff-2a56-4ebb-a7cd-53146202e6d8,sms,03:55:35,+212210450556,0.0,rated
57145348-7e0e-4426-8231-a93a23cb225d,voice,03:56:08,+212603161609,15.8,rated
572971ec-92a3-480f-8441-88bcaf75a68e,voice,03:56:03,+212326946128,3.74,rated
574e0451-e73d-4c60-a0bf-09f035eb4355,voice,03:55:51,+212784816621,10.44,rated
5752c1fd-3d07-4440-955d-09fe8e02eec1,data,03:55:59,+212261232732,24.944,rated
576d8f3f-4063-4ebe-9b20-e3155ed9579c,data,03:55:19,+212728902437,12.605,rated
5792759a-c176-485a-953d-e85c04528b47,data,03:55:23,+212147803929,9.297,rated
57ce11b6-08a1-4398-9143-a35bfbaaab88,voice,03:55:12,+212268940770,12.01,rated
5833f298-23ef-4284-850b-82a134ec3d53,voice,03:55:17,+212364999638,4.72,rated
5872646a-de9f-4a12-86a2-9cf442180254,voice,03:55:30,+212029448780,19.84,rated
5875e6e2-ca1e-436a-a92e-2267491f3409,voice,03:55:22,+212159387488,15.03,rated
587a5769-5bd1-4c88-99d3-9096abda8d83,voice,03:55:21,+212782797286,3.6,rated
59e31649-80b3-4ed4-b488-2b064617c319,voice,03:55:15,+212182559067,70.32,rated
5a16aa35-d143-402d-a6b1-1fb738024d21,voice,03:55:32,+212888436012,123.76,rated
5a1e8470-9e17-474e-bdb5-9fd52ce73897,voice,03:55:57,+212313829853,8.07,rated
5a20dfd7-de30-4142-befd-7fdc9c6b244d,voice,03:55:46,+212027391859,14.42,rated
5a2a69ac-5985-4500-aeb4-09a0b91287a3,voice,03:55:50,+212358362957,19.19,rated
5a3f390a-44fe-4dbf-a9b0-a5acae40ba3e,voice,03:55:45,+212068947245,9.93,rated
5a8355ae-3307-46e5-9e21-1b791f239be8,voice,03:56:01,+212285434201,12.02,rated
5adb1a2a-f2a0-4554-8cb1-377f5e9ad38c,voice,03:55:53,+212840212424,17.43,rated
5ade5659-d15c-419f-a62e-38b699848699,data,03:55:48,+212939733652,331.9988,rated
5adec89b-2d81-4ac8-8ea3-31f228ee19ca,voice,03:55:43,+212665295317,14.92,rated
5af28822-aa6f-4ae2-aa3e-57e55f9aaeb3,sms,03:56:05,+212330416592,0.0,rated
5b26e777-02c0-409d-a0bd-7332db8a239e,data,03:55:55,+212431561301,222.556,rated
5b65231c-0ace-483f-88d7-607521b37c54,voice,03:56:09,+212448085158,7.01,rated
5b9820b1-b5cb-406c-bfd1-1a97e51fed23,voice,03:56:03,+212422340867,57.52,rated
5b986be7-657e-4d56-b24f-9c6bc77e14aa,voice,03:55:27,+212300717946,11.9,rated
5ba73d59-9f66-42d7-81cc-2ca9ed573fec,voice,03:55:37,+212377320941,3.21,rated
5bc5c4aa-b5fb-4766-96d8-626c25841ecc,sms,03:55:23,+212542328188,0.0,rated
5c11d82a-3b50-45d7-9a67-308fbc8c2655,sms,03:55:19,+212688423470,0.0,rated
5c4935a9-f74c-40e2-8aeb-08449c3af081,data,03:56:01,+212229423730,10.531,rated
5c65b785-5d67-4b3c-a629-4030ac693c61,voice,03:55:25,+212202431441,20.32,rated
5c7be063-61e2-4afe-be75-ea58e7d28459,voice,03:55:56,+212199077472,154.48,rated
5cccd1b9-316c-4474-b034-8737c332aef8,voice,03:55:12,+212513507825,10.56,rated
5d4dd07e-dace-43e5-92f9-4c0ff50a89ea,data,03:55:44,+212856660171,280.047,rated
5d843009-ce0b-400e-adba-ce9a6ce04dd3,data,03:55:45,+212321965062,9.2155,rated
5d8ec367-7535-47ca-9522-db5a9e4d3ee6,data,03:55:54,+212882870318,28.0545,rated
5def7c59-ab44-45fd-97c5-67a53c3a0be7,voice,03:55:48,+212869813188,6.25,rated
5e2925fd-0ff0-4757-bab8-06f480f0128e,voice,03:55:19,+212501827628,5.04,rated
5e503467-436c-48bd-bccd-f7c097c0843f,voice,03:55:17,+212526024917,19.78,rated
5e598db8-a354-4e28-9934-7f37026f7737,voice,03:55:30,+212418809910,2.34,rated
5e59c9d5-5cf7-428b-8b58-0ef97a07ba8c,voice,03:55:26,+212572114327,17.51,rated
5e83e754-4de6-40f9-874f-1c9c6ace957f,voice,03:56:02,+212889358539,19.52,rated
5e88a1c0-7751-4b51-b390-53986ee995e5,sms,03:55:56,+212874057350,0.0,rated
5e898d6c-9194-4e50-b69e-6984d0708248,data,03:55:28,+212598357993,451.7604,rated
5ef9f577-827f-4225-a365-4be12c51db80,voice,03:55:26,+212499068923,100.88,rated
5f2832d8-f493-4df5-8185-9923f3dafc62,data,03:55:45,+212065183671,12.7865,rated
5f7311e0-25d2-4a80-a7bc-ab385813cb85,voice,03:55:40,+212159387488,17.75,rated
5fc3aec4-353d-437e-9e1e-f56db18d5178,voice,03:55:44,+212827851049,8.03,rated
600149d8-9f97-4a77-932c-120a456b7203,data,03:55:56,+212558203795,14.6636,rated
603a5731-28f9-4c9f-98fe-7775f50ce13c,voice,03:55:55,+212815301466,14.59,rated
606a0fe9-8abd-4164-b013-ce19ae9bfb64,data,03:55:57,+212106219992,538.7752,rated
609d1558-030a-4ee3-bac2-022aa5dc3180,data,03:55:11,+212727180259,359.131,rated
60a06986-2b27-4069-b350-c88df74e1319,voice,03:55:57,+212686330865,129.6,rated
616835be-e938-4212-b1ce-0bc3599d0b73,voice,03:55:16,+212826737642,8.51,rated
618852ef-4395-4524-846e-8b1edd5ca3c1,data,03:55:21,+212580049105,268.3025,rated
61a27cd2-de77-4ea5-920d-c631285c9b38,voice,03:56:09,+212313829853,6.73,rated
61b17c73-a540-4c30-96b4-dd05130542f4,voice,03:55:49,+212687677415,94.96,rated
61ce5be6-5b5a-4142-9099-fc2cdc9e29ad,sms,03:55:46,+212327919268,0.0,rated
61d14df0-7f4e-4a64-af1b-7a1f8299660d,voice,03:55:41,+212297980301,17.79,rated
61ebe9cf-79cf-44c2-8761-251596e91376,data,03:55:10,+212856660171,385.998,rated
622e29d9-1a27-4ce1-b11b-85e14fe04502,voice,03:56:02,+212856934823,32.8,rated
62d3c894-929c-4bec-92af-2f492f6b1cff,sms,03:55:24,+212542328188,0.0,rated
62ec856f-5ef9-498c-8da9-2250444f3c4c,voice,03:55:59,+212585692638,19.78,rated
63eac0ef-5455-4b48-b13e-3267bd77eb81,sms,03:56:07,+212644251370,0.0,rated
64fae053-abb8-404e-8c3b-0b0a0d7fc1aa,sms,03:55:11,+212266120088,0.0,rated
6509b7a6-8ee4-4488-8141-60666be3e3fb,data,03:56:07,+212726397785,106.828,rated
651cac3f-ce7f-4e51-b340-069958899e09,voice,03:56:09,+212005497551,10.31,rated
6526606a-97b5-4fc7-a741-4c09ebd56f0d,voice,03:55:20,+212590695399,16.13,rated
6557f757-8620-4fb7-b514-2d01a0aa4e88,voice,03:55:44,+212665319688,42.96,rated
6571c75e-362c-428a-896a-d1d3b2acfc2f,voice,03:55:26,+212228850062,14.66,rated
658978e9-a96d-41c5-a3df-19a729e820e4,voice,03:55:43,+212042732803,17.08,rated
664ec1bb-5309-425f-9ed4-e9148f6eb8d0,voice,03:55:51,+212505595117,69.36,rated
667999ea-bd73-47b9-839d-147faa4a2db2,voice,03:55:37,+212698368312,6.09,rated
66979a21-6059-405b-b7ff-657a7ab7820d,voice,03:55:45,+212992688136,10.76,rated
66a54ad2-cde2-4945-94c3-7cf24a4c2a8a,voice,03:55:19,+212377320941,15.26,rated
66ac7d5a-25e8-497c-9e28-e6cb6752b8c2,voice,03:55:26,+212183583236,5.55,rated
671421e8-24f7-407f-9913-1c72924ae652,data,03:55:40,+212488551516,205.98,rated
6727c5f6-f73e-4126-9bce-d463deffd2a7,data,03:55:30,+212960318168,294.115,rated
67314fe0-1391-4d8a-9256-bcb9d7c48bbf,data,03:55:35,+212509680250,277.1575,rated
67b2252a-27de-4cca-a850-c9486c5a8ec3,voice,03:55:55,+212526761330,16.5,rated
67e59528-360b-452c-995e-78785aea8145,voice,03:55:36,+212005497551,17.69,rated
67ef7e22-a8c9-4ebc-a41c-a1c55c7834a7,voice,03:55:21,+212526761330,10.22,rated
680a7a18-51cb-4495-9efa-8dc4b24f56d1,data,03:56:06,+212169227704,29.4105,rated
681bbaef-fda8-45e0-883f-034ce1782ce7,voice,03:55:20,+212194396056,16.73,rated
681bee48-6e91-4b19-b7a6-f1731dfdcbd8,voice,03:56:00,+212826737642,8.87,rated
685de68d-9dea-4256-824f-6fc75b95aa82,voice,03:55:56,+212921954759,18.96,rated
687a9e28-3d5a-450b-84c3-6e3c0664b0ef,data,03:55:43,+212727180259,458.582,rated
689627d8-c7a7-498e-9b9a-18ac7d8486b7,voice,03:55:23,+212238257337,45.76,rated
699de68d-ddd9-4f0a-a3cf-63b50fc8754d,voice,03:55:21,+212414596160,3.27,rated
69b37e03-c3f7-4c39-b109-0f89b0455b62,voice,03:56:01,+212828015224,18.26,rated
69d8590f-1f7a-4e6a-a894-040a9805f3ef,voice,03:55:13,+212183625614,43.92,rated
69f5bdee-e7b4-4416-8ed5-75a805357ba2,voice,03:55:52,+212070330533,148.0,rated
6a91abb1-f31d-4f03-959a-d3e0e54d1444,voice,03:55:27,+212732959539,18.8,rated
6aa1c4e1-6afa-4d68-9277-77f09000f8a8,sms,03:56:01,+212491544560,0.0,rated
6ada2f79-f1cc-4f7c-a200-c3556a6e65f2,voice,03:56:00,+212765804916,3.26,rated
6ade8fa2-8747-452f-9d92-acfa99162642,voice,03:55:26,+212784816621,7.03,rated
6b0e5d68-f7c7-409f-b04c-3302221ac48d,voice,03:56:06,+212513507825,2.92,rated
6b1e2982-3667-4db8-80df-8979c2309ffc,data,03:56:06,+212783304598,191.251,rated
6b305337-4315-4e9d-9554-d8a192838eec,voice,03:55:22,+212868392237,5.56,rated
6b46f237-b869-4fc4-9211-42e6ef9e6127,voice,03:55:47,+212756892656,16.03,rated
6b50b37a-5eb1-4c9c-989d-03b838ebcbcc,data,03:55:20,+212001566560,409.378,rated
6c44b485-b362-4cf2-97f8-1bb4f68e3317,voice,03:55:44,+212794248028,11.36,rated
6c6b9a96-b771-4adf-a4a4-be67c2722c8a,data,03:55:37,+212370439829,388.428,rated
6c98b479-5edc-4a52-bf28-8c255dd6c38d,voice,03:55:16,+212589659265,57.92,rated
6cb4fdad-d203-4738-971c-ffbf3b64ea38,voice,03:55:55,+212797790851,18.74,rated
6d15a9a5-199a-41df-a33c-70bc7bedb088,voice,03:55:45,+212718780788,17.96,rated
6d778d33-1b5a-4904-846c-a52458295dd7,voice,03:55:40,+212640037188,42.56,rated
6d8bc031-1452-4e65-a1e6-d759ad352c41,voice,03:55:16,+212192944837,144.08,rated
6dd65363-0596-4a4f-956b-530ac3589111,data,03:55:14,+212113745960,300.2555,rated
6e12472d-8887-485b-9746-6f7c011cf3ae,voice,03:55:46,+212358362957,9.16,rated
6e443035-f3cc-49b6-84e1-c73c9c73ff3e,voice,03:55:30,+212614621394,18.39,rated
6e4b603d-d1da-4166-8ecd-99a27331ddc0,data,03:55:54,+212366724507,16.162,rated
6e4cb98a-54ea-4a49-9801-411acc20e2d5,data,03:56:01,+212400441435,538.7304,rated
6e5f8c8e-9fa9-45c4-8118-c4f347582ed6,sms,03:55:33,+212063560212,0.0,rated
6ea80704-8f59-4961-9cd0-c79b66d1fc75,data,03:55:54,+212576933483,16.282,rated
6f259a45-395f-476b-879c-941239595ab3,data,03:55:15,+212435302215,224.372,rated
70177668-9e28-49ab-b8ad-ca67cce25101,data,03:56:01,+212935534539,11.0235,rated
702c068a-1c6e-4cec-a3fc-f2c3f03a4170,voice,03:55:56,+212867849258,10.28,rated
702ddfe4-94dc-450a-b4a8-a80046ad9475,voice,03:55:38,+212511811158,14.46,rated
703e0135-8c17-419a-a148-6d674b037d95,voice,03:55:44,+212844587751,16.6,rated
7046d19c-32ea-4e9f-9ed9-7f9878a33293,data,03:55:13,+212810682539,157.017,rated
704b34f6-1c0e-44a7-8b48-335ab2fccd4c,sms,03:55:24,+212567223996,0.0,rated
708a5f9e-2a92-4da9-9b6e-8dbe3ad919e2,voice,03:55:50,+212056829480,3.58,rated
710b5e5b-39e7-44b4-9af7-6595f7fb0fa4,voice,03:56:04,+212412273018,6.55,rated
720135d0-91b7-4c74-88b9-5e077c2e9920,data,03:55:59,+212591435736,304.3405,rated
724e4d12-9041-4335-a5f3-bcb7c4ef51a4,voice,03:55:17,+212727945683,111.12,rated
726c785a-13c1-47f6-8c67-4d14eec1cb55,data,03:55:33,+212569931234,433.9995,rated
728bf686-5f94-4386-9a78-b951b7e33e43,voice,03:56:06,+212497631983,13.92,rated
7293d7a5-769f-4cd2-869b-bea061860b4b,voice,03:55:54,+212610334078,16.2,rated
729919ba-5c9c-4247-b068-508d78fd47a3,data,03:55:13,+212971683083,20.039,rated
729a5d6b-c865-435a-b14d-a270f7cb0c3d,voice,03:56:02,+212354779863,18.34,rated
72a8dc3f-b26b-4068-ae57-3e5eff78a468,data,03:55:54,+212452742067,23.396,rated
72bd7062-fbbc-4359-a7fa-02bf90ade2c2,data,03:55:28,+212609429095,192.79,rated
731a716a-b3a9-4562-a699-a623d00567b0,voice,03:55:35,+212454156027,19.57,rated
7364fdf7-e5f0-49ea-be3c-26dc2eb1a577,data,03:55:44,+212055488039,301.819,rated
736857e2-67b8-4874-94fc-9d96c937da46,voice,03:55:21,+212794248028,7.49,rated
73a40b40-bb06-4135-a8f7-c2dfa59fbd90,data,03:55:24,+212048967904,473.5645,rated
73d97319-99f7-4473-a7ba-6ef8c3205666,voice,03:55:36,+212598351119,5.7,rated
740003f0-d23b-413d-9aa9-41869ac6f575,voice,03:55:54,+212328061044,14.5,rated
741208b9-7b2e-46a1-b5bf-ecce95cab4b8,voice,03:55:12,+212728419519,17.11,rated
742dbb3c-4a94-4422-8e81-780aee9d58f5,voice,03:55:19,+212228559133,15.97,rated
7454eb1c-23c8-4c9e-be76-c6ec951137e4,data,03:55:21,+212240508156,451.1395,rated
7481d23a-06ea-4fbd-a804-afc304886954,data,03:55:13,+212468691873,350.6298,rated
748e36da-d4a4-49d3-9723-c6ac13d8a58b,voice,03:55:52,+212794904361,16.41,rated
74e5ada0-3b95-4888-80fb-6709ef3593f4,data,03:55:29,+212482729839,9.4745,rated
750cc287-b517-4085-a7b3-aa1e9e8440ed,data,03:55:49,+212615047872,86.6045,rated
755f2b5f-b4c6-4109-90fa-032ec6794fd8,data,03:55:24,+212067490891,473.3725,rated
757f04d3-b7ea-4ab7-a81c-3d0a58a9be1c,voice,03:55:47,+212712812640,14.11,rated
75ee4f0b-569c-4129-a32f-dbc237d7a8df,voice,03:55:10,+212042732803,7.38,rated
75f5488f-ae5d-4425-8ef6-0e7692fb211e,voice,03:55:42,+212685386471,8.53,rated
770b27da-76f9-4027-807a-dc023238851b,voice,03:55:23,+212732959539,8.25,rated
777333af-2a8a-47d4-8eef-a08a429c8a3b,sms,03:55:11,+212304459538,0.0,rated
77784b9e-c50c-4ebc-bab3-733672bfc1a5,data,03:56:04,+212273379110,478.372,rated
77c281f8-52fa-412b-982e-e7c78968860c,data,03:55:51,+212060187356,319.9365,rated
78d4d836-c454-4913-9d2c-d5717957515e,voice,03:55:33,+212789020252,9.31,rated
79280bdc-b788-4f09-b8cf-bc0054605cb4,data,03:55:59,+212026963831,371.1448,rated
794249b2-1397-4cea-9a81-252916021193,data,03:55:35,+212357687328,242.7575,rated
7991d8f9-9806-4da3-b7b2-59e4bdda9e88,data,03:55:40,+212416335387,425.711,rated
7a04b8c7-fd4d-4cb7-bfe5-c368d9160f0e,voice,03:55:34,+212678038284,11.78,rated
7a93d960-3bbd-4bbb-936b-19feccc1b75e,sms,03:55:34,+212266120088,0.0,rated
7add37f4-fbc1-4ec0-a6af-bb05328eb8bf,voice,03:55:43,+212056829480,14.51,rated
7af11c3a-1af7-4516-b354-e68f98f86ee6,data,03:55:27,+212862278181,384.3804,rated
7aff2bfc-fd07-4ecc-8863-21c7ecc54353,data,03:55:20,+212415798790,199.572,rated
7bb70f4d-3207-49c7-a881-837e02f5ae69,voice,03:55:10,+212412273018,15.5,rated
7be36d21-abe8-44c4-820b-b82f75561c3b,voice,03:55:23,+212991324957,6.88,rated
7c1cbabb-2116-4c37-8fad-918d8b363c57,voice,03:55:56,+212979341971,10.18,rated
7c259dad-0abc-4df1-a192-57562d33024b,voice,03:56:06,+212510303206,5.99,rated
7cd99b80-4f8a-4f1f-9dbe-fd7881bb8af2,data,03:55:44,+212507609903,21.4365,rated
7d825015-de26-4057-a6bf-4478ff6649bf,voice,03:56:00,+212068947245,4.94,rated
7dd6b6b5-3666-42f4-b820-3264f551c7c0,voice,03:56:09,+212029396970,2.87,rated
7e0a9648-9ef5-4c04-9811-a41a8384c167,data,03:55:20,+212468691873,234.0036,rated
7e14998f-53fc-476b-9fa0-19dcc4d75b85,voice,03:55:57,+212350948277,85.44,rated
7e936d1d-c8e0-4975-a105-c5e9cf1210bb,voice,03:55:24,+212698368312,14.01,rated
7ee0671d-2567-47a3-b473-4315c267598f,data,03:55:54,+212522133618,493.662,rated
7f2ff1d7-0e8f-4d71-936a-bcf83fad9f59,voice,03:55:20,+212315199066,11.74,rated
7fd6ccee-561a-4dd7-bfe2-ca3c3555be96,voice,03:55:51,+212760748029,56.96,rated
80359987-056f-4fa6-b2ea-a1dc025d1ff3,voice,03:55:27,+212245982946,60.08,rated
811084ab-b1cf-4c39-9d41-55faadde7acd,data,03:55:35,+212698159141,17.348,rated
81126dcf-f42f-4edb-a82c-1b9620ce105b,data,03:55:32,+212087140062,370.3875,rated
81adec3a-0db7-4779-b7c1-bd726fefc3f6,data,03:55:13,+212569931234,495.1195,rated
81c1f110-7dbe-45a5-a6e6-143ca3527f03,data,03:55:16,+212156116155,248.9496,rated
81ef89ca-174e-4f9c-a545-633fecfb3b5c,voice,03:56:09,+212468712272,13.04,rated
82124a53-deb7-4e08-8a31-829154168bc8,data,03:55:26,+212084959769,13.77,rated
82912b67-7d65-41e6-82e8-6583b9b9d292,data,03:56:08,+212096221263,11.8585,rated
82af40b0-dbe1-4b56-afe3-d5761432047d,sms,03:55:33,+212181084543,0.0,rated
82b39b97-c9e1-4027-ad51-6e05a56410a5,data,03:55:37,+212491125287,288.9456,rated
82dd9911-838a-47dc-95e7-74c6832b80ed,sms,03:55:52,+212491752887,0.0,rated
82e72c60-c5d3-483b-ac0d-0fe3d6ffebdc,data,03:55:20,+212583488856,263.036,rated
831576fc-a713-41be-b959-40f68a430b62,data,03:55:55,+212323074866,48.134,rated
835fcaa1-b9a5-488a-b3e2-8e0608540107,sms,03:55:40,+212640918006,0.0,rated
836199cf-df72-41dc-9098-5d9185b4f782,data,03:55:43,+212333461044,380.9495,rated
83987adf-9672-443c-bcfc-f938c1534259,data,03:56:00,+212668486442,388.215,rated
839e5af9-40ca-4231-8ea4-72dc2225c6ce,data,03:55:48,+212983307384,368.2313,rated
83b19314-b65b-470c-8229-8a270751df07,sms,03:55:10,+212565475237,0.0,rated
83b30fa0-ec5d-4f0a-a675-822370d18557,voice,03:55:33,+212119830267,18.05,rated
83b96850-9de8-4139-9ba4-27d0aa6f7461,sms,03:56:06,+212576258176,0.0,rated
83ee5560-90ab-4897-a810-299cb27b2cf8,sms,03:56:09,+212519673780,0.0,rated
844042fb-d839-4c91-8001-35e614755b03,voice,03:55:57,+212549344861,6.63,rated
844692fc-5c7c-4b7e-b70c-11f8d6522b15,voice,03:55:59,+212958464568,19.7,rated
845282fd-65f3-4651-9ee4-89d264f492f1,voice,03:55:39,+212840212424,19.66,rated
848d95db-896d-40d5-afe8-054d0ec8bce4,voice,03:55:46,+212350948277,34.56,rated
84fcc9aa-5ce8-4714-8484-8db9deaeb806,voice,03:55:14,+212011886082,19.22,rated
858f0ab4-8715-4649-84b3-45514b0ab571,voice,03:55:44,+212136332873,17.86,rated
85f9a301-9ac9-4206-8356-321727a1a810,voice,03:55:34,+212932350425,7.69,rated
862b31f9-cd17-4426-ae24-f30a54cef53b,voice,03:55:41,+212811785979,2.59,rated
865af5f5-92ca-4ac9-9884-28f715d3ce35,data,03:55:42,+212452022269,254.658,rated
865f7691-28fb-4720-93f4-2c156135267b,voice,03:55:56,+212113697650,9.71,rated
86701537-954c-4bcd-b98f-98f4b4de8e2d,data,03:56:09,+212670856338,161.2905,rated
868d5801-39e2-4c56-ad37-315923981556,voice,03:55:40,+212377320941,3.45,rated
86b64b18-e5da-4423-9ae2-1fb892c18247,voice,03:55:16,+212784816621,14.14,rated
86c47d74-4d2e-4eb6-a1eb-a4c759841afa,sms,03:55:47,+212181084543,0.0,rated
86f5eb5c-223c-46d3-9908-bc8dad10c4fc,sms,03:55:10,+212656842068,0.0,rated
870714f4-ceae-4013-a9f2-a14722f5cb14,voice,03:55:14,+212031846132,9.37,rated
871cab63-bbc0-4d5a-ba2d-25b7c53fa8a0,voice,03:56:02,+212564154882,6.88,rated
8728030c-4594-41be-be80-de6118932101,voice,03:56:00,+212394817443,11.99,rated
872cee63-0d52-4634-9b92-f9ab620aaaa1,sms,03:55:24,+212633763382,0.0,rated
8739d221-f8d0-4ba2-a9a6-b94d653031bc,data,03:55:47,+212661776509,335.1426,rated
8779545c-b5ab-4b99-92d8-6164036816f4,sms,03:55:22,+212930613046,0.0,rated
877f3de6-9915-45f8-9a6a-8956585e4945,data,03:55:47,+212664142045,358.51,rated
87b626ba-51c7-46ea-b41a-5aec0746ddb6,voice,03:55:26,+212028194369,3.49,rated
87c604b9-9aca-4bb7-9cd4-e59f7806666c,voice,03:55:31,+212505595117,123.76,rated
8800c95c-b28c-41de-a6c1-a0191a1088b9,voice,03:55:25,+212581403540,10.62,rated
8816d5c8-4977-47a2-92bd-6dca9fbbf158,data,03:55:48,+212734551761,503.3588,rated
888d53c8-c161-4d49-a990-ff7c833b5233,data,03:55:32,+212681292602,90.741,rated
88a474da-61f2-4029-a84e-da4a940e6804,voice,03:56:00,+212418809910,4.07,rated
88ba37e3-e3d7-4925-8e2e-e53e766621e9,voice,03:55:24,+212377320941,4.85,rated
88da70fb-4d2b-460f-a57a-a36779458fa9,voice,03:55:54,+212442556610,130.4,rated
8911d817-0f1e-4c1e-a7fe-8fb0ee9cf6ad,sms,03:55:55,+212252667579,0.0,rated
8921a69a-56f1-4ed7-adfc-ed826ef48c09,data,03:55:23,+212610520804,251.071,rated
896b4b7b-0b33-4c64-b2fb-9fd6e7fb72e1,sms,03:55:20,+212722604184,0.0,rated
898a8697-3ee6-4181-8bba-22dab51d5b5a,sms,03:55:14,+212304459538,0.0,rated
8a1409e7-2e7f-417b-a060-717623a47089,data,03:55:46,+212012694993,84.0024,rated
8a2f4dc3-cc9a-4e5c-bb8f-977ff77d8103,voice,03:55:16,+212745582243,7.96,rated
8a49be75-3616-4622-b71c-e6ecb1055b92,voice,03:55:38,+212045146034,77.52,rated
8a4b3e22-c69f-46ee-915b-2424becce509,data,03:55:44,+212058262150,23.4316,rated
8a6fcc62-024d-480b-bfdf-02714781c4ef,voice,03:56:09,+212105088359,13.32,rated
8a73f98e-5a2e-44c8-acd6-1c7be311c93b,data,03:55:43,+212598357993,231.5868,rated
8a7b3764-e0ec-43c5-933c-2852665e29d4,voice,03:55:30,+212448085158,15.29,rated
8a90472d-cfcf-49f1-84f3-26c049a6ad29,voice,03:55:22,+212568214570,11.75,rated
8ab955de-f0f3-4fea-8b74-41dd3f6bd88c,voice,03:56:02,+212228559133,16.12,rated
8b374100-9e19-416b-9b87-1d58b094a4e8,data,03:55:31,+212147898116,316.9536,rated
8b9eba4b-5171-4cdf-a24e-f3a577f97d65,voice,03:55:51,+212884015151,14.93,rated
8bbcfe59-18b5-4e26-9066-59be7ea82e79,voice,03:55:57,+212833740575,18.76,rated
8be81972-3bf8-46df-9e18-5db0aedc0a35,voice,03:56:06,+212820176912,70.0,rated
8bf6349b-51e1-4cd4-bfe9-e39c91739107,data,03:55:28,+212247660737,533.5425,rated
8c058c62-710c-4505-abfc-c3fe276bd106,data,03:55:31,+212162378566,462.977,rated
8c1f09cc-668d-4b4e-b2f8-bc443cf5b631,data,03:55:29,+212753323921,85.759,rated
8c6490b3-3f26-4acf-9df9-7b81e12c6f24,data,03:55:24,+212750054410,7.1908,rated
8c687df9-8286-4457-bec7-c3845308b400,voice,03:55:41,+212325528386,6.38,rated
8ca1b606-87d7-409b-9249-bff332bcbb42,voice,03:55:24,+212784816621,7.78,rated
8cf7b788-d8f9-415c-90c5-6b0cc83d8f7f,data,03:56:02,+212055865795,17.2872,rated
8d2486cd-07fe-4a8a-a65f-908e2d2c4a46,voice,03:55:50,+212376263957,2.54,rated
8d372cde-35d0-4a2c-804d-6a496170a211,data,03:55:37,+212670856338,125.083,rated
8d4a97cc-3b66-4f09-a2e7-494cdd9bcb00,data,03:55:13,+212600253916,335.72,rated
8d5f7a04-dae6-4be8-abbb-c211278206a5,voice,03:55:15,+212244090661,15.24,rated
8d98cd7b-b62a-48f8-97f9-e021f82a3149,data,03:56:09,+212569931234,122.6815,rated
8dc4fbbb-4559-4a39-96fe-8f71bac7bf5c,voice,03:55:31,+212167094871,13.11,rated
8e778e28-2062-404c-8c47-608b773f77fd,voice,03:55:48,+212926179401,18.18,rated
8f0b9742-3ba4-4207-85fc-70db86e929e9,voice,03:55:42,+212622336434,14.54,rated
8f118a44-efbe-4108-972c-6c5cc1061ca2,voice,03:55:44,+212765705445,13.53,rated
8f7b6b6b-3ed5-4f44-b869-1f270c9a91c2,voice,03:55:14,+212209410256,13.89,rated
8ff3da9f-ea48-4a87-93d8-385d46146121,voice,03:55:10,+212086314039,7.92,rated
8ff5eecb-6f6e-47b7-82ac-2ba555e6bdbe,voice,03:55:49,+212782797286,12.02,rated
8ff8c217-e779-4868-999b-232f6c0a8a69,voice,03:55:44,+212759343951,18.84,rated
909bbde4-41c5-48d4-99f0-763826c997d9,sms,03:55:53,+212203894084,0.0,rated
910a9385-3d64-45fe-bf5e-c53ea568bb1c,voice,03:55:22,+212679336604,61.04,rated
913b618a-499c-4cf4-b6da-4c6fccbdd6e0,data,03:55:33,+212026963831,43.6912,rated
918a9222-6aa2-49a4-a633-3e062d441cd9,voice,03:56:08,+212043135818,3.72,rated
91aada81-3919-48d9-b689-04556d599c7a,data,03:55:29,+212817965297,489.606,rated
91ae8467-d256-445c-9cbc-81798bf55fdb,voice,03:55:57,+212605049275,3.54,rated
91ec482c-b824-4264-adec-e5205f8987de,voice,03:56:05,+212328061044,19.62,rated
91f5f14f-d134-4dee-bf0b-253f088a025b,sms,03:56:09,+212270921955,0.0,rated
9208e2a6-6169-4c5d-b8b5-dbb7dedafb1b,sms,03:55:36,+212577727612,0.0,rated
923a43f0-6e3d-4ef0-8fc6-d2d18b6ea046,voice,03:56:08,+212841588068,72.88,rated
926c33e0-2837-4ac6-889a-02e5b10ee7d5,voice,03:56:04,+212844587751,8.43,rated
927fe310-7743-4f07-bd54-5f84ba0bc77b,voice,03:56:05,+212088825054,13.23,rated
92fc26a8-c7f2-4e49-bdc5-0be4dc9cd0c0,voice,03:55:38,+212310094196,6.6,rated
9339aa22-9662-4094-b12c-a59f0d0123da,data,03:55:30,+212440927776,281.2716,rated
93949167-33d9-459d-8e99-a557d5d055ae,voice,03:55:32,+212888436012,21.04,rated
93df6586-76c9-44fe-96db-6c4b93c58947,voice,03:55:29,+212937644282,6.63,rated
93e38f8b-b2f5-48ad-83df-c6ecc5ddd0ff,voice,03:55:16,+212841588068,38.48,rated
93f6997c-0a5a-44d5-8e0f-0e6140f55fc6,voice,03:55:13,+212872236981,18.55,rated
943599ff-64a0-400b-bda9-5b317db579f4,voice,03:55:32,+212944352414,9.04,rated
9445291d-e3ee-4abb-9b26-6f40f6518deb,data,03:55:56,+212762951562,13.215,rated
9485df33-df2c-48fe-be9c-e0dceb176f6b,voice,03:55:31,+212841588068,39.04,rated
9499c400-7117-496e-bcc6-5463c3b57c3a,sms,03:55:50,+212719707855,0.0,rated
94c41d4a-3921-425a-90e6-6846e5fd9ed2,data,03:55:21,+212044577518,313.046,rated
94e07702-f3b0-4a4e-a22f-3840ce59e5e1,data,03:55:29,+212585760483,19.8984,rated
953c876c-9a12-4dc8-a6fb-d28468ae395c,voice,03:55:20,+212564666215,127.6,rated
955cfc30-1e5a-4f7f-a51b-0eb2ccb272c3,voice,03:55:37,+212590695399,18.47,rated
95a54988-bce3-4a2d-ab42-dfe8d7519dae,voice,03:55:20,+212953935203,15.81,rated
95aab8ad-a0b7-402d-9b01-8df897f8e222,voice,03:55:33,+212890716699,9.54,rated
95da8ee3-6190-4466-8982-9df7de9465cf,voice,03:55:22,+212226990651,19.2,rated
9677e4bd-2355-441f-89ff-d217544eeb1b,data,03:55:47,+212202881500,597.819,rated
967c7878-de5a-4f57-b39c-df8d9a7d1974,voice,03:56:06,+212932350425,19.22,rated
96aa795e-0ddf-4eb2-b3d1-1002c62a8915,voice,03:55:53,+212679336604,49.36,rated
973d9e9b-7178-4b0c-a94b-c51603294474,data,03:55:19,+212289427733,161.5655,rated
9743d87d-21e9-43d0-9a70-51d294f91541,data,03:56:05,+212221934837,16.3268,rated
975b9b3e-3092-448e-a457-578cd83429b5,voice,03:55:14,+212878092435,17.75,rated
9763dfd1-ccba-48ca-9896-e885e009f558,data,03:55:21,+212680271777,493.8095,rated
9804fa4f-573a-4500-8cf0-75f977386c28,data,03:55:22,+212877889957,14.0965,rated
98282211-0476-4a31-b972-a24d27da3dc7,voice,03:55:26,+212760748029,91.44,rated
98301d6b-8ec7-4be0-9374-2de0c1fde245,voice,03:55:58,+212442556610,83.92,rated
98876ebe-cac2-48c3-aa0e-000ff43daf18,data,03:55:24,+212874249302,5.368,rated
988cb650-1878-4953-b817-3c8b18c4a265,data,03:55:46,+212519021892,34.444,rated
989de1d2-8746-4574-83cf-f69ce005acd8,data,03:55:42,+212426496931,229.1695,rated
9981c2f1-abd1-473e-b0d6-c4be09783bf3,voice,03:55:42,+212926179401,7.93,rated
999fb6a0-3cd9-4a1d-91ea-1e25894492ce,voice,03:56:06,+212297980301,19.7,rated
9a1cde6f-c3f7-4348-adcc-b7a65318adb0,data,03:56:07,+212665421746,135.367,rated
9a707cfc-a189-4d24-bbe8-c4343b9b3d21,voice,03:55:21,+212769269351,5.41,rated
9a9b0825-ae27-4e41-8f71-b7c4a70f88de,voice,03:55:44,+212614621394,14.7,rated
9aca2564-f67f-4322-afe7-0cc14b37226d,data,03:55:33,+212044577518,9.1825,rated
9ae496db-c6e5-4a66-adb6-73df9da94167,data,03:55:44,+212862379572,438.3355,rated
9b023e99-e50f-4a65-8c90-08902f08bd00,data,03:55:16,+212912395979,243.773,rated
9b0f0223-18a4-4c22-af94-27a7bd10d383,data,03:55:56,+212927792168,478.0925,rated
9b89417b-eb1d-446a-b06c-4f0878dd6021,voice,03:55:22,+212830913960,25.76,rated
9be2e4e6-ffe0-408d-825a-6d9985b2fe56,voice,03:55:37,+212939323065,4.35,rated
9beff69a-444b-4b43-9456-8637e4ff1107,voice,03:55:42,+212350948277,107.92,rated
9c0b8c1a-be91-4c66-9185-58dc9bd27533,data,03:55:21,+212067490891,211.4305,rated
9ca313fe-a71e-4ec8-90d4-92a6ae5c18a2,voice,03:55:33,+212066979332,148.96,rated
9cce3324-d635-449f-8182-4314385ac35b,voice,03:55:58,+212105533624,18.56,rated
9cd7e0d0-3f8d-41e6-bff7-477485e0beb8,data,03:55:50,+212583114812,8.082,rated
9d689f52-24cd-41f2-9b61-563f75d30cad,data,03:55:58,+212472592736,62.758,rated
9dd492cd-51b3-4d7d-9a67-cd5692cde0f0,voice,03:56:03,+212691244972,7.51,rated
9e29b44a-e3c2-4940-a43b-feca3ab19216,data,03:55:55,+212880125150,366.498,rated
9ec6060b-1d4c-4175-bba1-4a7fa159c1e0,voice,03:55:32,+212412273018,14.74,rated
9ee3b1d7-6c1d-47dd-ba6e-683b4ea8fc4a,voice,03:55:51,+212553502195,8.83,rated
9f0add3a-be70-4005-ae17-f4db65913584,voice,03:55:48,+212828015224,2.88,rated
9f4f84fc-88f1-4328-b99b-3f649efd4326,voice,03:55:37,+212833740575,13.61,rated
9f730e9f-9836-4380-98a1-7b8ca71f2ca0,voice,03:56:08,+212715479926,12.74,rated
9f973e58-905e-450c-8e41-67e1eba7df77,voice,03:55:42,+212418809910,6.82,rated
9fedef42-9287-45b2-9d10-59ccce4f1923,voice,03:55:54,+212729561277,144.24,rated
a0102aee-31db-40d7-b146-5e347d8401a7,data,03:56:08,+212869505634,290.25,rated
a0178fda-ea5a-489a-8891-55a32f697acf,voice,03:55:58,+212728419519,15.17,rated
a07ff97c-8dcf-404e-9297-d51ae29d054e,data,03:55:26,+212576933483,222.8415,rated
a0854316-d400-484f-905a-82bf10cc3f2b,voice,03:55:46,+212872236981,10.0,rated
a0a09db0-7729-4964-8664-a8be9c7293a2,voice,03:55:34,+212515212523,7.04,rated
a0c9b873-9b6b-445e-8a15-e762275dbf0b,voice,03:55:45,+212568214570,12.88,rated
a0e26102-3199-47d8-bd2a-ca266c359693,data,03:55:54,+212599154826,447.453,rated
a0e67709-cdbc-4f1f-bb67-72c7beeddf0c,voice,03:55:57,+212453694936,19.89,rated
a0f89d03-7a32-445d-a36b-e6c2884bc847,voice,03:55:29,+212579857529,158.08,rated
a0faed39-d0a9-4a5b-8f54-97c54515d0fd,voice,03:55:35,+212671779064,90.56,rated
a130b2d9-c052-4c78-bcd1-7dc4f1b2f3ec,voice,03:56:08,+212125686325,13.96,rated
a14abf22-482b-470b-b8ba-d918c1835b5b,voice,03:56:02,+212595646123,72.16,rated
a1a16fa0-d7a4-476f-bacf-f38fef639ed3,voice,03:56:04,+212034506897,159.84,rated
a1a1b919-48d2-429f-a949-d68af3293200,voice,03:56:05,+212118428592,6.6,rated
a1a6486d-ecb5-4f7a-9e4b-f3f13e36b851,data,03:55:47,+212558203795,11.4712,rated
a1a697b4-a952-4008-8a90-e5d3afaf8bdb,voice,03:55:32,+212088825054,2.88,rated
a1e6b658-36db-4b48-89dd-bbcd81a99e0d,data,03:55:25,+212850860408,18.5465,rated
a1f3ac32-6df0-4be1-b90a-f553d9a814f4,data,03:55:24,+212509680250,333.15,rated
a1f7fe2c-e9d9-4368-9184-24fdd2d66a4a,voice,03:55:14,+212939323065,7.39,rated
a24dc401-77ae-4396-9d16-c9b8b34073b7,voice,03:55:47,+212899183983,135.6,rated
a284bae0-1e21-4652-8e1c-084cf66a15e1,data,03:55:39,+212830851082,202.3516,rated
a2a3b995-c209-4f1c-b99d-8a95c2733c7f,voice,03:55:52,+212640037188,75.36,rated
a2c22317-55e3-41e4-9ef2-2bfda61bf59c,voice,03:55:40,+212313829853,16.94,rated
a37bbe84-cbbd-4958-994c-73def57788ee,data,03:55:28,+212238447458,385.4725,rated
a405089d-c12a-4764-b2f7-b21ec86073c8,data,03:55:50,+212397114935,316.5668,rated
a41daac0-b476-43e8-8037-b0409430aae8,voice,03:56:09,+212642481072,7.98,rated
a44f7bfd-1630-4021-a3b8-9a9d0138ac90,voice,03:55:46,+212202752744,14.0,rated
a45d8591-7192-4c2c-912a-d1e691951b96,data,03:55:35,+212755478168,433.354,rated
a4758737-06aa-4236-a900-db6572aae0a1,voice,03:55:31,+212407762831,81.52,rated
a47914d0-ca1f-4e33-8367-4f04a5d736f8,data,03:55:33,+212961965594,255.967,rated
a4c32abe-7c44-48bd-87bb-1879d1112a96,voice,03:56:01,+212901419897,70.0,rated
a4d58b0e-98c5-4ead-92a2-cf0f6f7907a8,data,03:55:27,+212128191267,295.9528,rated
a510c2a4-fe17-4b90-bab3-8a0e3f669704,data,03:55:38,+212832954803,393.5025,rated
a524faa8-0bb3-444c-b840-c42f626c100a,voice,03:55:48,+212642481072,18.42,rated
a5f34e71-6cda-4b6d-8eb1-75e64959474f,sms,03:55:10,+212860110132,0.0,rated
a60605d9-8657-45c4-b6ce-7e888a33903c,data,03:55:26,+212124383300,54.2405,rated
a606c2cf-9cce-4c04-8b47-9c4a8005cee0,voice,03:55:25,+212682554107,3.89,rated
a61fbd9f-4ded-4757-adf2-e4aa3eb6b3fc,voice,03:55:52,+212268940770,2.97,rated
a648834d-2f27-43a5-b981-0fc25f268868,voice,03:55:15,+212840748204,5.51,rated
a66186e5-3e78-48ae-9492-83384f73df0f,sms,03:55:55,+212747745052,0.0,rated
a6c301bd-3156-4676-9b0d-741a8d51141a,voice,03:56:06,+212585692638,9.1,rated
a6da4820-6af4-4f0d-83ce-45de7a9caf9e,voice,03:56:01,+212262593858,10.99,rated
a6fc6e26-a099-43c9-94ac-7ccac6519c6a,voice,03:55:15,+212300308935,18.72,rated
a722e3e4-2ae7-4902-9ede-da3a521b08e9,voice,03:55:40,+212549344861,13.49,rated
a72d741d-4b49-42f4-9055-941e500361d3,voice,03:55:55,+212665295317,15.83,rated
a73991a6-7d79-49de-9e52-fc8e70c55526,voice,03:55:49,+212468712272,6.75,rated
a7772a89-7e4e-4327-b45b-aab06b8e5f2e,sms,03:55:17,+212943145706,0.0,rated
a79a0ec5-7d83-44ec-bc5d-f1a35f77ed03,sms,03:55:13,+212586230004,0.0,rated
a79e295d-b9c8-4c0d-ac54-836556e3a79a,voice,03:55:20,+212292418301,4.23,rated
a7d50618-fe56-44f7-9fed-e77aa847d054,data,03:56:06,+212665421746,391.217,rated
a7fed8ec-7a31-473b-b701-661551923057,sms,03:55:11,+212765927076,0.0,rated
a83afa0b-e50f-48f0-a53d-fff931fec64b,voice,03:55:52,+212821237136,18.64,rated
a87684a3-6ee3-4dc9-8b79-eacc88077dc1,voice,03:55:27,+212442129779,12.52,rated
a8851b95-8d17-48af-9de2-ee4af20f09b1,sms,03:55:55,+212784565001,0.0,rated
a9349355-2bdf-4aff-9990-07f5b795a77a,voice,03:55:22,+212058913296,7.85,rated
a96abefd-3766-49bf-a29b-3dc540802343,voice,03:55:35,+212614621394,7.24,rated
a9a54ced-0b4c-4e44-b0c7-fd67ab264d76,voice,03:55:56,+212226990651,11.99,rated
a9be5c36-6ae1-4e11-afbe-fe405f96b745,voice,03:55:29,+212944352414,15.06,rated
a9c99cec-9f37-42c1-b7c8-946ffc5c20b5,data,03:55:42,+212817965297,191.8655,rated
aa4d9e32-f865-401c-8411-5c383161390b,voice,03:55:38,+212898328313,5.2,rated
aaa695be-87c7-4678-80f3-b7ccfbd16c0a,voice,03:55:59,+212031717951,3.59,rated
aafa3678-1531-468a-84e4-c7acc24b6ab5,voice,03:55:53,+212086314039,5.39,rated
ab2744b6-75be-4a26-82ed-d0a1d0f8ad73,voice,03:55:32,+212760748029,67.44,rated
ab328615-2f99-4bf9-9f5b-0fecfbb007d4,voice,03:55:23,+212244090661,9.2,rated
ab6a4226-7150-4311-8a47-85f575801185,voice,03:55:52,+212745582243,6.62,rated
ab6bc93d-063f-4224-8e2f-6b35295be956,voice,03:55:18,+212325528386,10.2,rated
abd16327-2b55-44d7-9e84-c6cc1fbf0f11,voice,03:55:48,+212354779863,2.74,rated
ac155609-f0cd-4e36-a8e3-071f6ef7c32d,voice,03:55:50,+212989304806,18.46,rated
ac4ce258-cc38-4619-8354-8dc3c4fee6f9,voice,03:55:39,+212066621989,5.93,rated
ac75dc79-b7e4-4dfb-b36d-89bd1c22a497,data,03:55:39,+212297868440,302.8635,rated
ac919cf0-8ff5-40ad-b3f0-f0e5c55c3a1d,voice,03:55:43,+212418809910,17.7,rated
aca9ab79-7a91-429c-9a66-bc302dd8fbd0,voice,03:55:53,+212745582243,6.3,rated
acc36a62-e7cb-4674-95de-5b482b435f37,voice,03:55:46,+212878092435,2.09,rated
ace17950-91a1-46f6-9690-fa589e1571fc,voice,03:55:20,+212292418301,14.47,rated
ad19d681-4853-410e-ae2a-4ae334829842,data,03:55:53,+212357687328,12.2205,rated
ad499c53-1af1-4d59-9e1c-130edd3255ea,voice,03:55:41,+212640037188,118.32,rated
adc3a696-5f39-4e72-a982-7c60dbf8681d,data,03:55:23,+212525690697,12.2525,rated
adf2cfe6-4683-45b0-89ef-10b09b3ee2ae,voice,03:55:22,+212765705445,16.31,rated
ae0ee535-ec2c-4598-874a-fa56f9132493,sms,03:55:31,+212528771510,0.0,rated
ae196128-ee3e-4732-b940-81231b7ddb7e,voice,03:55:43,+212672959568,133.92,rated
ae1d20cc-4458-4ed7-8a9a-c41fc53beea4,voice,03:55:22,+212315199066,17.99,rated
ae3b8a1e-f3fe-49cb-888e-eb8e3ee9903b,data,03:55:44,+212285293743,12.3905,rated
ae3d5a28-6f97-48ca-86f1-f02ea5656975,voice,03:55:22,+212065275492,10.74,rated
ae3dde68-e6e0-465b-b06b-998bfb581a9a,voice,03:55:44,+212217500026,9.96,rated
ae9b13a0-81f8-4d84-9613-d2ff872ff508,voice,03:55:47,+212664428114,19.4,rated
aef306fd-e485-437a-88ff-fab173b6ac53,voice,03:55:26,+212092273727,19.15,rated
af119d63-df5c-4672-98d5-cfd5152583ed,sms,03:55:58,+212710485063,0.0,rated
af549f7f-cc26-4dfc-b0ba-71f8ddeebb58,voice,03:55:58,+212747039487,70.4,rated
af8874f4-7067-438e-ac50-5b40875b8e1d,data,03:55:46,+212242745040,208.557,rated
af88b220-bf22-4d3f-9d24-75da6a378a71,voice,03:55:50,+212056829480,18.24,rated
afb2b228-2046-499e-b2e8-519a8eecc922,voice,03:55:40,+212202431441,38.08,rated
afdecc28-d9b9-44e2-8e3f-85791d96a58a,data,03:55:32,+212927792168,12.435,rated
b01667ec-16a8-4b81-9c2d-407335e53ce7,voice,03:55:17,+212763819674,110.16,rated
b0c5e5ec-8be8-49d9-832d-4a3f143d7b7b,voice,03:55:42,+212292418301,11.36,rated
b106edae-2106-4369-b877-aea29fd6e37f,voice,03:55:17,+212427719469,14.89,rated
b1208ba8-1271-4d1d-84a8-c85bdd6884a0,voice,03:55:17,+212027391859,15.0,rated
b15a8747-3892-49d5-b0fc-4657431e8982,sms,03:55:22,+212302830763,0.0,rated
b1a3f293-ec14-42a4-9caa-999afde497a5,sms,03:56:03,+212345962030,0.0,rated
b1d04158-2ce1-42fd-b360-c70fa480bc7f,voice,03:56:07,+212732959539,14.34,rated
b200422a-4287-4644-8fd2-62c863e50038,voice,03:56:04,+212826737642,5.54,rated
b254deb3-93c9-4dd4-b842-e8f795184897,voice,03:55:53,+212616213642,3.78,rated
b26e53cc-8eaa-41fe-b727-a6a618e54202,voice,03:55:48,+212841588068,142.32,rated
b26e721a-5912-4e53-ab57-e87583609d61,voice,03:55:52,+212328061044,15.85,rated
b281c475-1088-4c06-8cf7-55dac7caf534,voice,03:56:07,+212590695399,9.27,rated
b2ef1696-a05d-45f8-bc4a-f74bcbdfa320,voice,03:55:10,+212605049275,7.62,rated
b39c719b-3c03-49b1-8d0c-fed75a1b63d2,voice,03:55:54,+212685386471,8.51,rated
b4058ee1-9623-4477-ac97-47a2ccd53ccc,data,03:55:44,+212755478168,23.553,rated
b439b31c-243e-42cd-9e7d-eb5fa0ff9151,voice,03:55:22,+212765705445,14.45,rated
b4b7bf3d-34c6-4715-b68d-b0cff678cdbb,sms,03:55:46,+212319187212,0.0,rated
b50cbfe1-b564-496b-bde2-ba4559ac427b,voice,03:56:06,+212826737642,7.47,rated
b548f83e-2999-4652-a44b-48f7edc8e5ad,data,03:55:13,+212926069006,455.9895,rated
b5498e7d-a2d9-40d1-8e0b-69857bbcfe4e,voice,03:55:37,+212228559133,17.56,rated
b56d1791-2db1-4869-84e2-01013a7489f8,sms,03:55:43,+212480885799,0.0,rated
b58e54d8-fd90-420d-a622-8f695017276a,voice,03:55:15,+212278231237,4.63,rated
b5e05ce6-3ab2-472e-ba48-5b3c590d272e,data,03:55:42,+212750054410,165.286,rated
b6016296-4476-4ffc-8506-1028fcd9350c,voice,03:56:03,+212595646123,90.12,rated
b64ff60a-fce3-4343-8acd-11b4f3aeb570,voice,03:55:52,+212488924149,14.53,rated
b67010f3-2570-4dbb-abef-f755ddedb6b6,data,03:56:01,+212664448137,22.7965,rated
b6b5d1e8-3cff-4965-a004-6eb7c363b907,voice,03:55:22,+212348392996,16.08,rated
b70c3889-169f-4a7a-9fb8-e0c3bfacd735,sms,03:56:07,+212807625698,0.0,rated
b73ede74-16ad-4f0d-90ac-41916cde5192,sms,03:55:19,+212190108438,0.0,rated
b7b7242d-c8b5-4663-9fd4-1e5a4c0d385a,data,03:55:53,+212597764833,356.738,rated
b7dae465-1359-4071-b9ab-b51d45bab478,data,03:55:35,+212509680250,487.048,rated
b816f6f4-3f0e-4a39-8d55-1a319e7a4da8,sms,03:56:04,+212488854897,0.0,rated
b836b2da-f63d-4f18-83f7-8f73cfe66451,data,03:55:21,+212912395979,155.446,rated
b84dd0bb-b3ae-4571-9126-e7bb31457114,voice,03:55:12,+212857290910,11.43,rated
b86dedf9-ed84-4fa6-8ecd-13ac99dbeb6c,voice,03:55:31,+212075672764,19.06,rated
b8af3545-6b4d-4bcf-ad5d-0b3977313b8c,voice,03:56:04,+212027391859,10.55,rated
b9076b55-15ee-4e61-856a-a22be01a0f16,voice,03:55:49,+212564154882,18.3,rated
b962ee69-e57d-44ae-aecd-6d25404df250,data,03:55:12,+212698159141,469.2915,rated
b9a7fdcf-73b2-422c-bd66-ca246dd7a6c0,data,03:55:10,+212431561301,370.36,rated
b9b5904b-844e-4197-bcb5-c6d007352c67,voice,03:55:25,+212889358539,10.84,rated
b9fd567b-9470-4764-a02a-5e1a9b307f1d,voice,03:56:05,+212226990651,11.88,rated
ba07c7c5-d784-4904-8c45-4eeba43d4609,data,03:55:53,+212240085606,19.661,rated
ba0f8ffa-73a2-4a91-b0ca-390299e9de3b,voice,03:55:51,+212096737359,15.82,rated
ba1eff59-f68c-4182-a964-728785cee8d9,data,03:55:21,+212597764833,19.7565,rated
ba4fe1ff-9f35-410a-9c6b-463a4dad8094,data,03:56:09,+212120123552,8.7692,rated
ba540b7e-5d75-4df3-b3c3-12f43a83d7a0,voice,03:55:38,+212811785979,5.34,rated
ba650211-db83-4175-ba00-368b68011c56,voice,03:55:18,+212368887621,9.22,rated
ba6cdf41-f5a6-485a-9059-cfafc902f635,data,03:55:58,+212218276951,21.4985,rated
baa44391-59ab-45a4-88b1-2ffa0558ee25,voice,03:55:25,+212122201710,18.49,rated
bb4c8c19-59bc-4805-b33e-e5e9db1d3ae3,sms,03:55:11,+212642630112,0.0,rated
bb56b07c-9111-4f7b-b206-ac20a1d41f74,data,03:55:54,+212169227704,343.5245,rated
bb9e0d6b-bd63-43c0-81d6-e0a19ee126dc,voice,03:55:27,+212256660712,117.76,rated
bc275693-386c-40a2-a7d1-39684a3757fb,voice,03:55:56,+212011886082,4.11,rated
bc3c1ea5-5511-48cc-b02f-09a2f7a6a16b,voice,03:56:02,+212921954759,14.98,rated
bc447f45-7f4c-49d3-b3af-cec4db8e8f7d,voice,03:55:41,+212958464568,19.19,rated
bc8dae85-8f98-47b6-8eb3-4102d2182baf,voice,03:56:08,+212769269351,16.55,rated
bcb5a4ec-3a1c-4f96-9d92-9183fbae0ed8,sms,03:55:32,+212756041009,0.0,rated
bce8ccf0-e74f-4022-9a26-70d6149615cf,data,03:56:04,+212578120843,303.636,rated
bceea111-6fe8-4f12-9cfc-247704fbd206,data,03:55:52,+212931354794,19.2145,rated
bda6c366-bb64-4983-8327-3ee917e64bfd,data,03:55:26,+212091844611,410.084,rated
bdcac8e8-2d27-4fa9-9b95-d427012b7e65,sms,03:55:39,+212650901633,0.0,rated
bde7f9a0-605c-46e6-bf81-e2571d4cdf25,voice,03:55:56,+212348392996,9.43,rated
be035015-9906-43fc-8486-907d6b81690b,data,03:56:04,+212301095253,353.5875,rated
be40c153-a358-4dfe-b329-55f9869cd838,voice,03:55:35,+212245982946,40.0,rated
be86cffd-4942-4ff9-889a-640af9da3690,voice,03:55:19,+212453694936,6.84,rated
beb53954-89ed-4d80-8861-a63a5d30aa6d,voice,03:55:15,+212080692306,14.77,rated
beebfd63-de0d-46f7-9bd9-c5fd469384a5,voice,03:55:12,+212640756514,9.34,rated
befe8b71-4c03-46af-956b-9cb5e68e4023,sms,03:55:38,+212632837885,0.0,rated
bf32e9db-ebb3-4c50-bc8d-ac301218a2d6,voice,03:55:40,+212840748204,9.89,rated
bf481664-1437-47cd-88b8-3b3ed53618e2,sms,03:55:39,+212203894084,0.0,rated
bf69ffa4-72a6-4166-89e2-cb123c442741,voice,03:55:52,+212686330865,31.44,rated
bfbaf782-b68a-4ce8-890f-22a7aa097906,sms,03:55:56,+212345962030,0.0,rated
bfcfccac-a83a-4e9d-87bf-bcbf388d068f,voice,03:55:39,+212300308935,120.32,rated
bfdf38d8-2a62-4572-ba00-9cc5cd94be17,data,03:55:21,+212081294178,251.6045,rated
c02ec0b2-179b-44c6-bd5d-859b2d221cab,voice,03:55:51,+212070330533,32.08,rated
c06554ce-4c61-4851-a441-005669d7f08d,voice,03:55:19,+212199077472,63.84,rated
c0a52cc5-9ec0-4d4a-8200-74ef68e426f6,voice,03:55:37,+212788295973,11.13,rated
c102766f-cf32-4890-b67a-63802170f23a,voice,03:55:32,+212085604773,60.56,rated
c10356d7-02e5-4fdf-a4db-c17ba11e5574,data,03:55:17,+212919407839,23.761,rated
c12c94de-4537-46ab-9f1f-79b411d9916a,voice,03:56:04,+212076468426,5.86,rated
c179ba13-2e9a-4376-a6e3-077a762d252c,voice,03:55:46,+212182559067,32.96,rated
c19b2a63-587c-4b26-93d4-655dbaa18869,voice,03:56:03,+212292418301,2.4,rated
c1a4a33b-441d-45cb-839e-e6baad074939,voice,03:55:21,+212797598400,12.15,rated
c245fa32-7747-4768-8c40-ce2cbb5fbff5,voice,03:55:57,+212826737642,5.77,rated
c26c3c4a-1712-4fcf-bad4-122312e3666c,voice,03:55:23,+212187895818,9.49,rated
c28b8e6a-df0d-4b0a-9827-1f10f0ab9f4e,voice,03:55:20,+212794904361,5.39,rated
c29c7644-689c-49c1-a54a-89b26c9ac460,data,03:55:15,+212830851082,10.9824,rated
c2cdfd83-6603-4054-bcbe-0b354fe78b18,voice,03:55:15,+212590695399,12.7,rated
c338cb10-27fa-4ffd-b069-e0e83147b3ed,voice,03:55:34,+212005497551,13.9,rated
c33c35e8-440c-4cbd-865e-87a9676c8a27,data,03:55:15,+212509680250,15.027,rated
c3448114-10fd-48c1-a2d6-703b2d0044a1,voice,03:55:50,+212086314039,19.81,rated
c3d3be5a-4605-44c1-a718-af3ebb46fc49,voice,03:55:32,+212280540328,7.18,rated
c444f845-f5b6-46fa-8b99-7ff5d5370524,voice,03:55:26,+212595646123,43.68,rated
c44c7de7-ad48-479d-909d-51c203da2dbb,voice,03:55:55,+212297980301,9.15,rated
c452d517-0073-43d2-b144-67378bdd0c25,voice,03:56:03,+212167094871,7.25,rated
c46893cb-b98d-4933-8b1e-f36a87693628,voice,03:55:32,+212747039487,134.08,rated
c4696642-930a-4b8d-8542-66a4aeb0c34d,voice,03:56:06,+212354779863,3.37,rated
c4d00ce9-9417-4d22-98e4-222ddf7bdcdb,voice,03:55:52,+212526024917,6.4,rated
c512e1b5-17c4-4753-87d6-924698b8edb1,data,03:55:19,+212676769789,114.862,rated
c53a8956-4444-49d8-b040-fbc7ad8d4732,voice,03:55:44,+212256660712,152.72,rated
c5585411-ade4-40c4-a781-6fd968e7dbd3,data,03:55:31,+212249054236,297.6325,rated
c56c01c5-8dff-4ef0-a85d-b3ed67bd3f6d,voice,03:55:33,+212953935203,15.17,rated
c574ce1f-d101-4c76-b4ca-ce40bf6e5cd0,data,03:55:30,+212968489318,233.658,rated
c5760052-b682-404e-8298-39b8cbb1084a,voice,03:55:12,+212679336604,132.96,rated
c58f3e72-4bf8-406f-b06b-4c66d0bb8c18,data,03:56:02,+212431561301,15.9895,rated
c5f7191f-3c2e-41da-a4ac-2303291e5715,data,03:55:19,+212680271777,138.14,rated
c630335e-4a7a-48e1-8d2c-8429557a9d72,voice,03:55:59,+212029396970,18.2,rated
c796c7da-66c0-4170-96d7-86121f64439f,voice,03:55:52,+212162185866,15.16,rated
c79d0bfb-f69d-4d1e-b654-426755126ac8,voice,03:55:16,+212745582243,16.6,rated
c817b24b-6a37-4ae6-8688-224fe5594002,voice,03:55:32,+212377320941,9.57,rated
c8c74bcd-e4ab-4ce8-bd9f-105998be8633,sms,03:55:17,+212766882539,0.0,rated
c8d11647-4830-4064-b6da-76aaac40289c,data,03:55:28,+212710749858,174.996,rated
c8e2cae6-cfe3-4f25-87d4-0be65d0059dc,voice,03:55:17,+212350948277,30.48,rated
c9207be5-3f5c-47a0-b67d-6bdef83fbee7,voice,03:55:48,+212453694936,17.3,rated
c93a45c6-895e-400f-96f8-e94c666bc2ce,voice,03:55:18,+212671779064,64.96,rated
c969d3a9-fe39-4c2f-b166-e13bf4633b39,voice,03:55:53,+212581403540,18.03,rated
c9756e73-21f3-4313-bba1-ca9a078dd328,voice,03:55:35,+212788295973,16.73,rated
c9fbda71-1e0b-4be1-90ef-b54f49e0b381,voice,03:55:38,+212581403540,10.66,rated
ca501f94-d9ca-4130-827c-7c43f162b014,sms,03:55:32,+212881979128,0.0,rated
ca57cb1a-d7e4-4096-9bd0-41914448ac7e,voice,03:55:47,+212781718001,14.42,rated
ca60b01c-e1b5-44b9-b41c-e9bc30fa697b,voice,03:55:17,+212065275492,12.71,rated
ca612e40-9b49-4202-b1c1-fc7568ce7eb9,voice,03:56:05,+212727945683,168.84,rated
ca7ae2c2-091e-4507-ae37-bfa14c109650,voice,03:55:45,+212086314039,10.36,rated
ca7e9f96-6519-4ae1-9b41-bd5217606c7e,data,03:55:42,+212668486442,24.038,rated
cb0b9366-c078-4101-b7e6-f8f68ac18710,voice,03:55:59,+212506085873,26.76,rated
cb1ac1c4-2444-4e10-ba8b-fb6e48e6a63f,data,03:55:53,+212102088371,20.0425,rated
cb4e3511-342d-4193-9d2f-1c98d2ef362f,sms,03:56:07,+212788246908,0.0,rated
cba74ef0-3fab-481b-89e7-030f4642b6b5,data,03:55:20,+212247660737,80.408,rated
cbd71963-9c8b-4930-a5bf-d86742f566dd,voice,03:55:17,+212911802516,4.32,rated
cbeae2e3-5b79-44eb-8488-fbdad0b2fde3,data,03:55:21,+212415798790,471.4305,rated
cc35c9db-6a5e-4d5f-8b2e-09254ded0d67,voice,03:55:13,+212377320941,11.92,rated
ccb14aad-310e-4050-9fb1-1850725cb7b2,voice,03:56:03,+212136865003,18.09,rated
cd165d4b-8a0b-42a3-ae5c-65a6cdd20e08,voice,03:55:56,+212820176912,49.52,rated
cd265562-055d-421e-8f73-b74d47b97b7c,data,03:56:04,+212515803118,159.2995,rated
cd365644-de7c-4756-9615-07b1d485ee6f,voice,03:55:34,+212664428114,18.7,rated
ce3cbb41-befd-4ec3-a5a8-71cee38a6945,voice,03:55:11,+212869813188,14.92,rated
ce5d9ce5-3d67-4509-b315-35c6eb7eaa85,voice,03:55:29,+212442129779,12.12,rated
ce5e9ec3-9233-4c71-9c41-cee9cb972070,data,03:55:55,+212317152118,396.5775,rated
ce86ad50-f598-4563-b636-d3ae1c96ed2a,voice,03:55:20,+212209410256,14.09,rated
cf3b406b-e897-4d51-96d8-be2d30c20abd,voice,03:55:52,+212136865003,18.66,rated
cf5b44a3-2f55-4a69-9022-e24416743adb,voice,03:55:15,+212066621989,19.39,rated
cf97c610-1712-412f-865b-531c3375428f,data,03:55:13,+212055963241,472.022,rated
cff63ee8-6096-4eb4-b936-773d8f57b25e,data,03:55:48,+212755478168,313.99,rated
d0079ba2-e783-4126-b32b-939537b1b712,data,03:55:27,+212769459383,49.0824,rated
d023069a-9d0c-4111-8bdb-2192f48ca000,voice,03:56:06,+212797790851,2.96,rated
d07a1b0c-9b9a-483f-b78d-26ed3afd0d1c,data,03:55:51,+212916954351,145.4705,rated
d07a39a3-9866-4de8-8657-1aa8db0db1d2,voice,03:56:01,+212932350425,7.59,rated
d0818f09-a1c0-45e2-8d11-a07d43bceae8,data,03:56:02,+212120835775,352.416,rated
d083df73-e418-48a2-aa7d-64e7cef072fc,voice,03:55:48,+212585692638,16.34,rated
d0a9ca38-204b-400a-a230-46127ff97c8a,voice,03:55:25,+212959327444,7.33,rated
d166b2b9-f39b-4f16-9549-06978d1d66eb,voice,03:55:28,+212245982946,132.8,rated
d1685785-29bd-4365-9de8-e999e5332ced,data,03:55:38,+212970198696,473.1065,rated
d17f792a-3d8f-415c-ae37-d5863ee0f3cd,voice,03:56:06,+212238257337,28.32,rated
d19c6952-a97f-4e50-978b-bd03f7f96623,voice,03:55:41,+212062646398,14.53,rated
d1b08522-490f-4129-ab22-b838a5539869,voice,03:55:15,+212907820288,5.86,rated
d1d86117-c01d-44c6-a2ef-233dd940a86c,voice,03:55:45,+212219064215,41.92,rated
d220187f-f3d8-4eac-b80c-e565bb1484a4,data,03:55:15,+212525715476,9.739,rated
d26318ee-a84a-4d2e-9a4b-ec539e6dc6f4,data,03:55:10,+212699953888,479.225,rated
d2920210-4b39-4b00-8796-c534abfb7379,voice,03:55:37,+212113697650,18.51,rated
d2b511ff-bed3-4c4e-9b47-46e9d33e9741,voice,03:56:08,+212020210845,7.13,rated
d2bacda1-8f97-46ab-8c04-b5903c8d8fde,voice,03:56:01,+212664428114,19.93,rated
d2fc10ca-e33d-4d5b-925a-35ee2a695d06,voice,03:55:59,+212217500026,9.51,rated
d31372bf-27bf-42be-8f36-0822991e6092,sms,03:55:46,+212940213971,0.0,rated
d3563064-a1e0-4d5b-9b9b-5502dec5fc65,voice,03:55:58,+212740925892,4.71,rated
d373867c-0b41-436f-8c38-79714f6a897f,data,03:56:07,+212732187041,207.455,rated
d3ad007f-8f95-4c6b-b40b-d1368200729a,voice,03:55:59,+212284575554,17.76,rated
d3c59598-689c-4f88-8cde-ef409b4bf87b,voice,03:56:02,+212643902557,2.46,rated
d3f31eb3-c8b1-4982-8c9b-b5a1f816b57f,voice,03:55:14,+212684415189,8.19,rated
d3f3f051-1f9e-48a5-90f1-3633f04962da,sms,03:55:13,+212269968179,0.0,rated
d3f768a4-2eac-448d-b44d-ca7837816033,sms,03:56:01,+212573039690,0.0,rated
d3fb2092-5b9d-4d90-b04d-8196f01ad1ef,data,03:55:20,+212239786433,475.3675,rated
d442ad52-292d-418b-a9d1-525c69d5fe84,voice,03:55:20,+212589659265,54.16,rated
d457e9d7-b94e-414f-a864-b1e9f69b821c,data,03:55:27,+212370439829,11.1172,rated
d4898138-beae-409c-b882-255e941f3d28,voice,03:55:48,+212199077472,153.44,rated
d4b7ca62-310b-4a8d-a018-8414517dae7e,voice,03:55:44,+212104192265,79.2,rated
d4b9f265-be53-4255-96c4-0f17ffc7fbb7,data,03:55:18,+212576933483,123.201,rated
d4e13301-56b8-4388-b8c6-c85969f317df,data,03:55:50,+212426496931,367.833,rated
d4f579e2-e509-4ad2-b7d8-6c254682bfab,voice,03:55:26,+212453694936,11.1,rated
d53ffb3c-f618-4684-b85e-13510c84caa8,data,03:55:35,+212589887305,20.5065,rated
d54f992a-cfd0-45e4-8166-6d339b53c8d3,data,03:55:19,+212120835775,15.744,rated
d55e234b-22e4-4b6c-ae6d-8db81c48097a,voice,03:55:35,+212712812640,11.0,rated
d5af6631-26be-41fa-b3d3-d294bcdb0376,sms,03:55:43,+212399657190,0.0,rated
d5c65174-bd48-4407-970d-72f316dde34b,sms,03:55:33,+212232754698,0.0,rated
d6077f9b-8e5d-4c92-8cd3-02bb0ace8f25,data,03:55:33,+212698748024,17.02,rated
d64cc10d-7bed-42de-ae49-31e035a6eb37,voice,03:55:33,+212745582243,5.8,rated
d64fb705-82ba-4c63-bc90-1de4fb520e44,voice,03:55:28,+212513507825,12.1,rated
d65abd1c-8161-4504-8bcd-02fc9cc0f667,voice,03:56:04,+212936267319,7.08,rated
d661c85d-b58b-4199-82e1-d76365561d31,voice,03:55:55,+212821237136,19.66,rated
d70973dd-0efe-4bf3-8f2b-a254b5f337b2,voice,03:55:16,+212826737642,12.04,rated
d7a5db2d-8d18-4f67-87f8-2b09b325fdcd,data,03:55:43,+212856660171,228.3955,rated
d806e727-ee26-4cb6-ac0c-b41f30662406,voice,03:55:34,+212936267319,2.65,rated
d881db41-f324-4c85-b5d1-a9415cdfaee9,voice,03:55:52,+212526761330,18.24,rated
d88b8b4c-fd84-4e6a-a463-b57c72757148,voice,03:55:26,+212526761330,16.17,rated
d89d9b89-058d-4d2d-ba8d-e30d1118a2f9,sms,03:56:00,+212327919268,0.0,rated
d8aab36c-b01a-4244-a928-1c63bd53bb3a,voice,03:55:15,+212714234059,13.78,rated
d8d7f3ed-4c7a-4525-8acd-c6108f180086,voice,03:56:06,+212028194369,18.66,rated
d997a243-006e-480a-b2ca-c927246ccff3,data,03:55:29,+212891951291,130.56,rated
d9f166d9-a658-41c5-8f01-0355ec6425f3,voice,03:56:06,+212758255392,12.24,rated
da6f216b-0f34-459b-b077-adc6af260a3e,data,03:56:01,+212243833203,10.8105,rated
da74551e-31c7-4b4a-b349-3fc94f5e3b6d,voice,03:55:59,+212670190219,9.22,rated
daa9b24f-30b3-4743-9fee-ceaad78194c0,voice,03:55:18,+212358362957,13.59,rated
db1ca482-5733-4bbf-92b0-fd5dc483946e,voice,03:55:44,+212622336434,11.76,rated
db20b9b8-de09-4d7b-8f85-4fb9c3f94822,voice,03:55:28,+212549344861,16.36,rated
db27d52f-c246-404a-bc9b-7e35e83ab7b6,data,03:55:12,+212823640044,314.7084,rated
db684683-90df-42fe-a7fe-85c50bf0f2a2,voice,03:56:09,+212350948277,29.68,rated
dbd8d0e3-c802-422d-9d66-1b37fc0076e9,voice,03:55:45,+212585692638,19.37,rated
dbda4de2-9359-47fa-b0ca-69d081c03798,voice,03:55:19,+212936267319,10.48,rated
dbdceb17-139f-40a1-bac4-ee4efd347edc,sms,03:55:18,+212814078215,0.0,rated
dc0044f9-06be-46d5-96d9-2a7bfdae2367,sms,03:56:01,+212565475237,0.0,rated
dc12d339-322d-4530-8098-1a5828697113,voice,03:55:45,+212443931334,4.31,rated
dc1bc613-1cc6-413b-8a5f-85eb3aa1e7b1,voice,03:55:55,+212253728416,16.28,rated
dc81d755-4973-43c7-8900-845055889983,voice,03:55:43,+212088825054,4.2,rated
dcbaebdd-1e16-4674-8d24-dee06d229a08,voice,03:56:06,+212732959539,18.9,rated
dd0347fa-402b-405e-9952-32bdc55736c9,voice,03:55:55,+212717698380,16.51,rated
dd3803e5-aa5c-4252-a45a-b24588a3f680,voice,03:55:11,+212872236981,6.65,rated
dd410c1d-ebcc-4ccf-b5e4-45160b79bcee,data,03:55:20,+212901293205,421.777,rated
dd4cc2e8-276b-4cfd-836b-3400582345f2,data,03:55:22,+212810682539,12.672,rated
dd5b5be1-80c9-4747-8450-9c62bc3798ac,voice,03:55:27,+212640756514,7.73,rated
ddb5cc37-022f-4987-aea3-8b3011e0ba96,voice,03:55:39,+212765804916,6.33,rated
de0d20bc-5fb8-4593-8b9b-50aa72c21c87,sms,03:55:47,+212267955448,0.0,rated
de235159-16e7-4cf6-a17f-af8dd3554757,voice,03:56:04,+212092273727,6.21,rated
de65a8a2-f9a4-4d84-a5ac-ec5cb25a094e,data,03:56:09,+212983307384,295.051,rated
de7b5feb-ba1e-40cd-9b35-dc8bab2b8454,sms,03:55:28,+212686795512,0.0,rated
de8b0afb-fa5f-4524-8afc-6968d9f6200b,voice,03:55:17,+212525273634,5.15,rated
ded8cf97-f424-4f4f-a02b-f69114c20aa7,data,03:55:14,+212971683083,239.4525,rated
df2b4df6-712d-45d5-95d5-d24c72f933de,voice,03:55:46,+212016393310,110.24,rated
df51ff61-4857-41a8-b435-6ddcdee86bfb,voice,03:55:25,+212162185866,2.68,rated
df5cf888-9801-4a18-aec3-2127818d2cb6,voice,03:55:42,+212285434201,11.04,rated
df85fdd2-7027-49f9-b672-ee3e20c855d9,data,03:55:48,+212569931234,217.869,rated
dff1b3d1-9a08-4b42-a49b-61ac8dd772f4,data,03:55:34,+212004705945,83.145,rated
e03a6820-e655-4ef1-b631-a65f4c3b425a,voice,03:55:16,+212292418301,12.03,rated
e077817a-ce8a-4dbf-b59d-01b16a2dfc42,voice,03:55:53,+212664428114,14.31,rated
e0ace45e-a6a6-4b65-bc7e-fe9a2f7061d7,data,03:55:45,+212736812232,373.8884,rated
e0bf3acd-a434-449c-8289-11f871b6a4d7,data,03:55:38,+212783304598,507.0015,rated
e121214b-4055-40f4-968d-337ad7702854,sms,03:55:15,+212805350426,0.0,rated
e139edaa-5ff0-4837-a56b-c069eb61ed2f,data,03:56:05,+212317152118,60.162,rated
e14d0eb1-ebe4-4511-a390-fcdd53add732,voice,03:55:20,+212319982251,11.21,rated
e1fc1fdc-7ee3-4db3-a679-772f387a8877,voice,03:55:29,+212788295973,19.03,rated
e210f2bb-48e9-4119-a643-52fd88ded192,data,03:55:32,+212660527335,334.734,rated
e2256098-ac13-4eca-90ec-a1c24847ceaf,data,03:55:21,+212667945297,239.6805,rated
e22b2054-8a7c-4dac-8367-710e1799ec65,voice,03:55:13,+212182559067,108.72,rated
e230ad16-ab1f-4dfa-b28f-cdfbaabed1b8,voice,03:56:08,+212510303206,13.97,rated
e2720c02-a807-4771-899f-a85125f85d0a,voice,03:55:56,+212844061546,17.83,rated
e2774e45-870e-4886-ae81-a3700cd267ca,voice,03:55:11,+212325528386,11.32,rated
e287b355-700b-4160-b6a7-5a97bcc3fb66,voice,03:55:49,+212182559067,146.96,rated
e327dacf-3210-44a4-97ac-7b39d2ad5333,voice,03:56:05,+212729748230,87.92,rated
e3693b99-32c6-4e49-86b5-cbc30e946e23,data,03:55:45,+212622506459,63.6,rated
e37aeb9a-43d7-4be0-a0fe-50e3e0c8ebcf,voice,03:55:34,+212985252338,11.1,rated
e3b3a46b-5384-43e6-9515-2469cc968bb5,voice,03:56:08,+212104192265,84.4,rated
e4239c15-41b9-4578-9e3d-ee3f0b1278c7,voice,03:55:31,+212740925892,12.4,rated
e43f81ae-4d59-439a-acdc-12dd3320509c,data,03:55:32,+212627288579,78.5835,rated
e4bef6c8-106e-4f7d-916e-0aa75a6a51b8,voice,03:55:43,+212219064215,113.92,rated
e540f831-90a2-4716-a62c-6785479b4d6e,voice,03:56:02,+212820176912,109.2,rated
e54b4d20-5f93-441b-8512-1b7ff75bec91,voice,03:55:37,+212280540328,17.52,rated
e5a206fa-eb67-4d28-9c95-1bcbfbb9625c,data,03:55:12,+212094459200,204.0435,rated
e5f8fa0e-3815-452d-9421-6788d2804c23,data,03:56:03,+212400550834,26.5402,rated
e66c00e7-a70c-4e42-b24f-d608ee63c35a,voice,03:55:19,+212624371611,52.0,rated
e66e42b6-27b0-4359-ba84-b191c50eefe5,voice,03:56:04,+212085604773,82.88,rated
e6bfb868-0a98-41bb-8b30-a37f05325c4f,data,03:55:22,+212273379110,19.674,rated
e6e552db-66b4-42c5-9018-29e06e68b907,voice,03:55:50,+212238257337,52.56,rated
e75754f4-b219-48f6-84a0-7da4db9b3cab,voice,03:55:54,+212890716699,4.62,rated
e75b7f22-a70f-43a6-9528-12ba49f19817,voice,03:55:47,+212899074611,7.77,rated
e78611d3-4cb2-4060-a01f-95cea11ea0f1,sms,03:55:48,+212891966634,0.0,rated
e7b08c5a-7c99-4dc7-9ec0-fcb32ae2302f,voice,03:55:59,+212820176912,136.64,rated
e7cf07f3-e3a5-47d6-8f6f-a132affb791b,voice,03:56:05,+212436658300,139.92,rated
e82acdb1-4e49-408e-bf86-4045bb183808,voice,03:55:39,+212888016652,8.1,rated
e83e8850-ce85-41bf-832b-e76fb80d433c,voice,03:55:42,+212698368312,15.89,rated
e855d668-2199-4d2f-ad4c-47894da2af30,data,03:55:40,+212576933483,434.6485,rated
e89b51e3-8f81-4fa8-bc0c-30041f3cf684,voice,03:55:59,+212202752744,7.7,rated
e91b4db8-a575-441d-8240-e9e167071cfa,data,03:55:56,+212048967904,373.7415,rated
e95ebf39-b6ab-4943-b161-c01f4abcbf83,sms,03:55:16,+212581192773,0.0,rated
ea0eb3fb-3938-4e22-bae3-5f7d46d156a5,voice,03:55:18,+212794904361,18.86,rated
ea4d8cab-4082-461e-96b8-c0e2dd08af65,data,03:55:41,+212664142045,196.3015,rated
ea5ff2a2-3b26-4597-9d70-df0481103d5f,data,03:55:10,+212935534539,479.268,rated
ea7dc632-e718-42bc-8213-9eb2e4c8048e,data,03:55:23,+212631181390,146.7485,rated
eb0b852c-34a5-427a-be56-08a726d841ea,voice,03:55:26,+212715479926,11.25,rated
eb1f06fd-aba3-4764-9aac-e785eac47352,voice,03:55:31,+212820176912,25.76,rated
eb1f136d-790b-47d3-bc48-8a2dfb858ba0,voice,03:55:59,+212712812640,6.82,rated
eb2cbef1-3b48-45a7-ba31-8ef23a5cc67a,voice,03:55:56,+212715479926,7.81,rated
eb35715e-4f70-48be-a1ba-5fee454713d2,data,03:55:47,+212065183671,444.8655,rated
eb677a8d-a9b6-4de0-adf2-e1927c7eacaa,data,03:55:19,+212603705782,5.6328,rated
ebc5782f-30b0-4492-988a-b53cc4d004e6,data,03:55:37,+212218276951,299.2665,rated
ecf36586-c8f7-4c62-9390-bbeb72ece2dd,data,03:55:42,+212333461044,15.4825,rated
ed2894ce-7909-44e2-950b-e66c8ceacd5e,voice,03:55:24,+212436658300,141.44,rated
ed5c764c-f48d-4f60-b76e-8d8549d0592a,voice,03:55:45,+212797598400,19.7,rated
ed7cacad-a449-4c50-ab49-fd2daae9a3bd,voice,03:55:56,+212789020252,4.59,rated
ed7f32a8-119c-40e9-86d8-43961cd28aed,voice,03:55:35,+212020210845,17.6,rated
ed9d0548-137a-4a59-9893-85ce0ea3b047,data,03:55:17,+212913462717,600.2595,rated
edcbc055-2913-481a-9a4c-240f12975da1,voice,03:55:20,+212020210845,8.37,rated
ede0e133-5af3-4a16-81f6-d8a7a6f65d71,sms,03:55:16,+212094571090,0.0,rated
ee2af462-1c28-4673-bb1e-228e42cd53c8,voice,03:55:30,+212765705445,19.63,rated
ee4804ef-772f-4dd1-97cb-38bd9e557b46,data,03:56:08,+212515803118,200.7205,rated
eeb25565-101e-4911-9c90-7b3c73446e5d,voice,03:55:22,+212980676624,13.52,rated
ef358c14-4b90-4a44-822b-e2f0f2b9d407,voice,03:55:43,+212992688136,18.66,rated
ef3a0ac5-f42f-46b6-815c-40191f6c8e79,data,03:55:25,+212971683083,5.434,rated
efa7d760-d055-4ccf-b91b-d6d78eb703e1,voice,03:56:00,+212217500026,8.27,rated
efe9e3c6-8446-4c66-87e7-d2320bc21c54,voice,03:55:43,+212784816621,11.85,rated
f0267c38-26f4-4c4f-a9c3-2eed677e1927,voice,03:55:31,+212811785979,8.85,rated
f0a4d817-8acb-41a9-8e84-c0b44ccff083,data,03:55:22,+212690427063,187.8316,rated
f0b271c5-9290-40b4-86b1-15dcb7b1249d,data,03:55:18,+212578120843,12.852,rated
f0d48c95-069b-4a60-a409-69ccea8c5a3f,sms,03:55:18,+212119779270,0.0,rated
f221ee4b-0cd1-40b9-ab62-b3aad5df8636,data,03:55:51,+212736812232,147.538,rated
f22bd408-df4e-41b4-978d-aff6e663d12d,voice,03:55:43,+212784816621,10.79,rated
f252870c-e295-416d-a3c3-c63302ba19ce,voice,03:55:23,+212944352414,6.23,rated
f2d0b8d9-ad62-40e4-b4f6-e38799ce8db2,voice,03:55:25,+212802980344,15.27,rated
f2dbfe0c-80d8-431f-998e-8794c3f38938,data,03:55:44,+212065183671,161.2245,rated
f33e16e0-c14b-4c05-bdfb-0f7d6aec88ea,sms,03:56:06,+212546089798,0.0,rated
f35084ec-0ce9-4472-b5cf-9a84e1528636,voice,03:56:02,+212718780788,5.07,rated
f39a4dce-e8af-4bfe-bbc5-01a4eebe6295,voice,03:55:26,+212339862080,15.77,rated
f3b2dcb2-7162-4ca5-b180-583acd9172d7,data,03:55:37,+212321965062,7.1515,rated
f3e2469f-3abe-4ba9-8abd-ea2613866220,voice,03:55:49,+212686330865,152.96,rated
f4582399-ab0b-47bf-9d55-e574cad085ce,voice,03:55:13,+212826737642,19.24,rated
f4cc75ff-5b90-42c5-b880-cf436a6616bf,data,03:56:07,+212364970104,716.2357,rated
f4f49961-8776-4ab4-9b6d-d30215506d36,voice,03:55:26,+212453694936,17.45,rated
f5b58eff-c54a-465f-9e13-f0d6eef43bc7,sms,03:56:01,+212632798404,0.0,rated
f60d5dd9-e2b2-453f-b7fa-55d70a5d371e,voice,03:55:26,+212901419897,126.16,rated
f64dfef9-148a-4759-996d-d00a24fff474,voice,03:55:52,+212679336604,67.68,rated
f6760518-d0db-4562-82ed-78014b52334d,data,03:55:33,+212647167793,52.5908,rated
f686f116-45ec-41e3-b9ba-800250acbcf0,voice,03:56:05,+212071521810,12.37,rated
f6b6a0b0-d314-481d-ae6e-5cc06b76304d,voice,03:55:49,+212712812640,5.83,rated
f6c4f351-dfad-4be5-8172-e9d5441fa750,data,03:55:33,+212113745960,490.3965,rated
f6c61bbd-1352-4809-88a2-923faf0359f6,voice,03:55:42,+212280540328,8.28,rated
f6d6b698-87be-4bcc-b2f8-243b36714e36,data,03:55:38,+212452022269,723.999,rated
f6dda039-db63-48d6-b3fa-64e4ebd47446,voice,03:55:22,+212034506897,137.04,rated
f6efd2a1-12b8-4c04-8439-ae96159df86e,voice,03:55:28,+212285434201,7.8,rated
f721e6cd-8d9b-411d-a296-21dd4eed28aa,voice,03:55:55,+212245982946,34.16,rated
f72f3c29-bb84-4a45-9c49-1d581f714df2,sms,03:55:15,+212709498244,0.0,rated
f7a39a35-78b0-4f11-a957-e03eaa33654f,voice,03:55:49,+212031846132,9.75,rated
f88653be-04ac-4cb6-9ab9-8d267024bc87,data,03:55:30,+212732187041,30.6112,rated
f8875a10-7c5c-4d8f-9cfc-4825242d4d6c,voice,03:56:08,+212788295973,4.37,rated
f8c60762-18db-45fc-ab3b-23786ae65646,data,03:55:52,+212649229195,387.64,rated
f9292117-254a-4bc5-a206-162ad57e954d,voice,03:55:14,+212727945683,130.32,rated
f9463c89-074f-4f2e-b17a-21af8b42a136,voice,03:55:14,+212781718001,19.75,rated
f963ed6c-159d-43d7-8dc3-754f3dd7f46b,voice,03:55:20,+212747039487,94.56,rated
f9640011-48f0-43c8-9563-a09404d9d603,data,03:56:06,+212931354794,386.1445,rated
f9b6c676-4988-4135-ac4c-02c46df32f50,data,03:55:37,+212869505634,488.173,rated
f9b92669-0b89-43f9-974e-c804e5993b31,voice,03:55:10,+212727945683,106.08,rated
f9bb91cb-6830-43f5-98a6-1d57f0788d84,voice,03:56:02,+212328061044,14.8,rated
fa1983e4-2f50-47c7-bdaf-12ddfa688614,voice,03:55:41,+212820176912,116.0,rated
fac2ba95-9118-4e17-abeb-0f8993a5bfda,data,03:55:54,+212156116155,240.3044,rated
fadf6bdd-3b64-4aff-82a7-0e7e4a9dffcb,data,03:55:59,+212798647454,394.889,rated
fb473c4a-8988-418b-9343-0f8a01dc4446,voice,03:55:19,+212122201710,19.52,rated
fb63dc3a-f5d1-4c1c-b58d-d2f4d04dfdc6,voice,03:56:01,+212119657682,204.6,rated
fb894134-c26d-415f-aeca-1242e8e141d6,data,03:55:17,+212547311242,88.242,rated
fbb06d9a-4000-4550-aceb-64a42e6606fa,data,03:55:25,+212491125287,312.5688,rated
fbb47925-55a1-4a50-9b62-9cbdf462f3ef,voice,03:55:43,+212105088359,8.16,rated
fbdc2b0d-2e8c-4934-bd86-c62c8588ebd1,voice,03:55:55,+212092273727,4.22,rated
fc2da46e-9118-4b7c-92fa-d9b2ae4aff3a,voice,03:56:00,+212893048689,156.0,rated
fc57de74-449e-4126-a38d-9618f2febaba,voice,03:55:39,+212841588068,109.2,rated
fc719ec6-0a9d-4779-82dc-b10058688346,voice,03:55:49,+212162185866,15.87,rated
fc82b83c-22f8-4de6-9996-f6f4cbe06c24,voice,03:55:30,+212125686325,7.05,rated
fcd29a16-65cd-4e01-a883-523d5f853c81,voice,03:55:45,+212996731632,15.37,rated
fcd6406e-ca34-4323-8e88-01b645fbc105,sms,03:55:15,+212063560212,0.0,rated
fcdaab69-a49b-4510-bb45-f27f896c1fba,data,03:55:11,+212274752582,6.6145,rated
fcede1dc-659c-4952-af2a-8816aebe7fc7,voice,03:55:49,+212043135818,17.64,rated
fd04ed95-81db-4c77-b3e1-517bb2c59426,voice,03:55:39,+212703194817,13.75,rated
fd0c4e02-edf4-40ae-98a3-72d88ff47788,voice,03:55:14,+212958464568,9.33,rated
fd2f52ff-6be8-4b75-a1a4-6010b526ed9a,voice,03:55:31,+212280540328,10.9,rated
fd4271da-09ef-4c4f-a68b-61c745f4a8c8,voice,03:55:30,+212209410256,3.09,rated
fd6e03df-47b0-4757-9c3b-0e01373dd1bd,voice,03:55:25,+212084686511,115.36,rated
fd8e9080-7b36-42e5-b899-961226b95168,sms,03:56:07,+212001196540,0.0,rated
fd9b4505-d6a0-48e8-8c02-39527f24df06,data,03:55:54,+212415798790,265.1975,rated
fdd67f13-35e0-413c-8739-5fd501921920,data,03:55:38,+212355373694,321.816,rated
fe18d09c-6753-4883-b300-9cc0863bf42a,voice,03:56:09,+212590695399,16.89,rated
fe311fb4-fc91-4f5b-9dd1-b61f507c4309,data,03:55:59,+212785089250,19.736,rated
fe6d7d3b-bb89-45f7-976a-0d85ededcdbc,voice,03:55:59,+212068947245,13.1,rated
ff39da72-48f6-44cf-a015-6c92b4d23121,voice,03:56:00,+212414596160,10.44,rated
ff78333c-7113-46c4-b7ba-0ed0036ab3c7,voice,03:55:26,+212758255392,16.5,rated
ff9cbb37-acee-4e66-a14e-a2f1a0ba222c,data,03:55:43,+212988033870,20.825,rated
